stop_id,stop_name,stop_lat,stop_lon,zone_id,location_type,parent_station,stop_code,stop_desc,stop_url,stop_timezone,wheelchair_boarding,platform_code,区名
S280100000100100,ＪＲ六甲道,34.7156342183822,135.238774850057,Z000000,0,,,,,,,１,灘区
S280100000100200,ＪＲ六甲道,34.7153738260739,135.23846238424,Z000000,0,,,,,,,２,灘区
S280100000100300,ＪＲ六甲道,34.7155387394778,135.238531817986,Z000000,0,,,,,,,３,灘区
S280100000100400,ＪＲ六甲道,34.7153130720927,135.238705420821,Z000000,0,,,,,,,４,灘区
S280100000100500,ＪＲ六甲道,34.7154432689441,135.238913732622,Z000000,0,,,,,,,５番おりば,灘区
S280100000200100,六甲口,34.7176391978945,135.238115125869,Z000620,0,,,,,,,１,灘区
S280100000200200,六甲口,34.7175524042532,135.238288724762,Z000620,0,,,,,,,２,灘区
S280100000200300,六甲口,34.7170489767943,135.23752491539,Z000620,0,,,,,,,３,灘区
S280100000200400,六甲口,34.7169708632204,135.237733233291,Z000620,0,,,,,,,４,灘区
S280100000300100,阪急六甲,34.7200173572746,135.234504250169,Z000630,0,,,,,,,１,灘区
S280100000300200,阪急六甲,34.7203298167994,135.234191767621,Z000630,0,,,,,,,２,灘区
S280100000300300,阪急六甲,34.7194965927357,135.235268090401,Z000630,0,,,,,,,３,灘区
S280100000300400,阪急六甲,34.7199826518712,135.235406953614,Z000630,0,,,,,,,４,灘区
S280100000300500,阪急六甲,34.7194097977301,135.23533753154,Z000630,0,,,,,,,５,灘区
S280100000300600,阪急六甲,34.7191841354972,135.235858327484,Z000630,0,,,,,,,６,灘区
S280100000300700,阪急六甲,34.7203211329036,135.233879292559,Z000630,0,,,,,,,７,灘区
S280100000300800,阪急六甲,34.7204426466503,135.233879289735,Z000630,0,,,,,,,８,灘区
S280100000400100,六甲登山口,34.7218139865545,135.231691931358,Z000640,0,,,,,,,１,灘区
S280100000400200,六甲登山口,34.7211630358105,135.232872408339,Z000640,0,,,,,,,２,灘区
S280100000400300,六甲登山口,34.7211977459688,135.232282176537,Z000640,0,,,,,,,３,灘区
S280100000500100,篠原本町２丁目,34.7219875426996,135.229087967295,Z002460,0,,,,,,,１,灘区
S280100000500200,篠原本町２丁目,34.7220222740244,135.230060111594,Z002460,0,,,,,,,２,灘区
S280100000600100,篠原本町３丁目,34.7218833537641,135.226553448503,Z002450,0,,,,,,,１,灘区
S280100000600200,篠原本町３丁目,34.7221611088612,135.227213112135,Z002450,0,,,,,,,２,灘区
S280100000700100,護国神社前,34.7206768661504,135.224574465677,Z002440,0,,,,,,,１,灘区
S280100000700200,護国神社前,34.7212931268732,135.225372999776,Z002440,0,,,,,,,２,灘区
S280100000800100,五毛,34.719817563649,135.222873230855,Z000550,0,,,,,,,１,灘区
S280100000800200,五毛,34.7195137588197,135.221831656914,Z000550,0,,,,,,,２,灘区
S280100000800300,五毛,34.7198002033894,135.222803792352,Z000550,0,,,,,,,３,灘区
S280100000900100,五毛天神,34.717803833559,135.220095736454,Z002430,0,,,,,,,１,灘区
S280100000900200,五毛天神,34.7177951489417,135.219852701712,Z002430,0,,,,,,,２,灘区
S280100001000100,観音寺,34.7164931397261,135.216693276511,Z002420,0,,,,,,,１,灘区
S280100001000200,観音寺,34.7168837392178,135.217491811597,Z002420,0,,,,,,,２,灘区
S280100001100100,神戸高校前,34.7160417525196,135.214367092546,Z000460,0,,,,,,,１,灘区
S280100001100200,神戸高校前,34.7162847993856,135.215235070171,Z000460,0,,,,,,,２,灘区
S280100001200100,青谷橋,34.7150695786003,135.211520127598,Z000450,0,,,,,,,１,灘区
S280100001200200,青谷橋,34.7153212977732,135.212040912655,Z000450,0,,,,,,,２,灘区
S280100001200300,青谷橋,34.7153299780772,135.212075631813,Z000450,0,,,,,,,３,灘区
S280100001300100,青谷,34.7140887623871,135.210513285348,Z000440,0,,,,,,,１,灘区
S280100001300200,青谷,34.7135766493089,135.209680030357,Z000440,0,,,,,,,２,中央区
S280100001300300,青谷,34.7136026886252,135.209714749113,Z000440,0,,,,,,,３,中央区
S280100001400100,籠池通３丁目,34.711545607379,135.208742648328,Z002410,0,,,,,,,１,中央区
S280100001500100,野崎通３丁目,34.710061364899,135.207110875164,Z002400,0,,,,,,,１,中央区
S280100001500200,野崎通３丁目,34.7103130809578,135.207596939256,Z002400,0,,,,,,,２,中央区
S280100001600100,野崎通５丁目,34.7093930107473,135.205374927087,Z002390,0,,,,,,,１,中央区
S280100001600200,野崎通５丁目,34.7092454505924,135.204854141543,Z002390,0,,,,,,,２,中央区
S280100001700100,熊内５丁目,34.7083427379216,135.202215497849,Z002380,0,,,,,,,１,中央区
S280100001700200,熊内５丁目,34.7085597361836,135.202875158975,Z002380,0,,,,,,,２,中央区
S280100001800100,熊内６丁目,34.7071535909876,135.19863944016,Z002370,0,,,,,,,１,中央区
S280100001800200,熊内６丁目,34.7074921013472,135.199160221912,Z002370,0,,,,,,,２,中央区
S280100001900100,布引,34.7041591013362,135.196486912778,Z002350,0,,,,,,,１,中央区
S280100001900200,布引,34.7043153311976,135.196313314534,Z002350,0,,,,,,,２,中央区
S280100001900500,布引,34.7048361372204,135.198813083659,Z002350,0,,,,,,,３［臨時］,中央区
S280100001900400,布引,34.7047319733467,135.197875666066,Z002350,0,,,,,,,４,中央区
S280100002000100,加納町２丁目,34.7023797595802,135.195098190154,Z002340,0,,,,,,,１,中央区
S280100002000200,加納町２丁目,34.7016246267063,135.194612139611,Z002340,0,,,,,,,２,中央区
S280100002000300,加納町２丁目,34.7014076508734,135.195549559407,Z002340,0,,,,,,,３,中央区
S280100002100100,加納町３丁目,34.6991856527858,135.194091403757,Z002330,0,,,,,,,１,中央区
S280100002100200,加納町３丁目,34.6988992231164,135.193848375353,Z002330,0,,,,,,,２,中央区
S280100002100300,加納町３丁目,34.6987777187936,135.194646919215,Z002330,0,,,,,,,３,中央区
S280100002200200,地下鉄三宮駅前,34.6939171421815,135.194195666103,Z002320,0,,,,,,,２,中央区
S280100002200300,地下鉄三宮駅前,34.6937261897083,135.193987353202,Z002320,0,,,,,,,３,中央区
S280100002200400,地下鉄三宮駅前,34.6951669975963,135.193744293097,Z002320,0,,,,,,,４,中央区
S280100002200500,地下鉄三宮駅前,34.6944118758754,135.193952622577,Z002320,0,,,,,,,５,中央区
S280100002200600,地下鉄三宮駅前,34.6938997803138,135.193883192327,Z002320,0,,,,,,,６,中央区
S280100002200700,地下鉄三宮駅前,34.6951236017971,135.193987329378,Z002320,0,,,,,,,７,中央区
S280100002300100,三宮センター街東口,34.6920944395188,135.195133117546,Z003070,0,,,,,,,１,中央区
S280100002300200,三宮センター街東口,34.6925804917961,135.194681758531,Z003070,0,,,,,,,２,中央区
S280100002300400,三宮センター街東口,34.6921204764241,135.194924801216,Z003070,0,,,,,,,４,中央区
S280100002300500,三宮センター街東口,34.6926672872471,135.194647037799,Z003070,0,,,,,,,５,中央区
S280100002400100,市役所前,34.6905494674951,135.194265159853,Z003340,0,,,神戸市,,,,１,中央区
S280100002400200,市役所前,34.6911223167386,135.193952676727,Z003340,0,,,神戸市,,,,２,中央区
S280100002400300,市役所前,34.6910789179477,135.193848519523,Z003340,0,,,神戸市,,,,３,中央区
S280100002400400,市役所前,34.6909313825185,135.195827522296,Z003340,0,,,神戸市,,,,４,中央区
S280100002500100,三宮神社,34.6893603405714,135.191418197915,Z003350,0,,,,,,,１番おりば,中央区
S280100002600100,元町１丁目,34.6893429691837,135.190029426818,Z003360,0,,,,,,,１,中央区
S280100002600200,元町１丁目,34.6892995709956,135.189994708307,Z003360,0,,,,,,,２,中央区
S280100002700100,和田岬,34.6580354925037,135.176350689293,Z004230,0,,,,,,,１,兵庫区
S280100002700200,和田岬,34.6580875672044,135.176142373036,Z004230,0,,,,,,,２,兵庫区
S280100002800200,笠松７丁目,34.6557440881507,135.17308701919,Z004240,0,,,,,,,２,兵庫区
S280100002800300,笠松７丁目,34.6557614523742,135.173677251772,Z004240,0,,,,,,,３,兵庫区
S280100002800400,笠松７丁目,34.6560305040911,135.172462072065,Z004240,0,,,,,,,４,兵庫区
S280100002800100,笠松７丁目,34.6561433381064,135.172600952085,Z004240,0,,,,,,,１,兵庫区
S280100002900100,吉田町１丁目,34.6551191479821,135.170934401911,Z004250,0,,,,,,,１,兵庫区
S280100002900200,吉田町１丁目,34.655327457211,135.171177440593,Z004250,0,,,,,,,２,兵庫区
S280100002900300,吉田町１丁目,34.6552493478051,135.171767669747,Z004250,0,,,,,,,３番おりば,兵庫区
S280100003000100,吉田町２丁目,34.654876090104,135.167636057276,Z004260,0,,,,,,,１,兵庫区
S280100003000200,吉田町２丁目,34.6550149578164,135.167219424864,Z004260,0,,,,,,,２,兵庫区
S280100003100100,金平町,34.6547024803774,135.165691772291,Z004270,0,,,,,,,１,兵庫区
S280100003100200,金平町,34.6544247143795,135.163643332295,Z004270,0,,,,,,,２,兵庫区
S280100003200100,高松町,34.6541903353411,135.160726912273,Z004280,0,,,,,,,１,兵庫区
S280100003300100,東尻池８丁目,34.6551016630358,135.158296544191,Z004290,0,,,,,,,１,長田区
S280100003300200,東尻池８丁目,34.6543639102221,135.159233979271,Z004290,0,,,,,,,２,長田区
S280100003400100,東尻池５丁目,34.658261032061,135.158713107348,Z004300,0,,,,,,,１,長田区
S280100003400200,東尻池５丁目,34.657358358557,135.158886722876,Z004300,0,,,,,,,２,長田区
S280100003500100,東尻池２丁目,34.6615245346135,135.157254828909,Z001240,0,,,,,,,１,長田区
S280100003500200,東尻池２丁目,34.6604482826378,135.15857418352,Z001240,0,,,,,,,２,長田区
S280100003500300,東尻池２丁目,34.6604656263858,135.157220132457,Z001240,0,,,,,,,３,長田区
S280100003500400,東尻池２丁目,34.6616026633723,135.158365843304,Z001240,0,,,,,,,４,長田区
S280100003600100,御蔵菅原,34.6643800836505,135.154477231587,Z004310,0,,,,,,,１,長田区
S280100003600200,御蔵菅原,34.6640676248468,135.154998026609,Z004310,0,,,,,,,２,長田区
S280100003700100,地下鉄長田駅前,34.6677130029836,135.151178836038,Z001680,0,,,,,,,１,長田区
S280100003700200,地下鉄長田駅前,34.6678692381361,135.151421867675,Z001680,0,,,,,,,２,長田区
S280100003700300,地下鉄長田駅前,34.667808477515,135.151109395626,Z001680,0,,,,,,,３,長田区
S280100003700400,地下鉄長田駅前,34.6677998023304,135.151491307566,Z001680,0,,,,,,,４,長田区
S280100003700500,地下鉄長田駅前,34.6685288858733,135.151421854484,Z001680,0,,,,,,,５,長田区
S280100003700700,地下鉄長田駅前,34.6669058152162,135.15228986823,Z001680,0,,,,,,,７,長田区
S280100003700800,地下鉄長田駅前,34.6669144828401,135.15124829051,Z001680,0,,,,,,,８,長田区
S280100003700600,地下鉄長田駅前,34.6675654585794,135.151907943272,Z001680,0,,,,,,,６,長田区
S280100003800100,長田神社前,34.6708896920644,135.148297076579,Z001690,0,,,,,,,１,長田区
S280100003800200,長田神社前,34.6699436309536,135.149199794144,Z001690,0,,,,,,,２,長田区
S280100003900100,長田５丁目,34.6733286316883,135.147012421149,Z001700,0,,,,,,,１,長田区
S280100003900200,長田５丁目,34.6733546712257,135.14708185893,Z001700,0,,,,,,,２,長田区
S280100003900300,長田５丁目,34.6732591908847,135.146665231142,Z001700,0,,,,,,,３,長田区
S280100003900400,長田５丁目,34.6732852326059,135.146908264552,Z001700,0,,,,,,,４,長田区
S280100004000100,長田８丁目,34.6754117131331,135.146109687424,Z001710,0,,,,,,,１,長田区
S280100004000200,長田８丁目,34.6752120856264,135.146283286403,Z001710,0,,,,,,,２,長田区
S280100004000300,長田８丁目,34.6749343266168,135.145241718281,Z001710,0,,,,,,,３,長田区
S280100004000400,長田８丁目,34.6751079194438,135.145380591694,Z001710,0,,,,,,,４,長田区
S280100004100100,名倉町,34.6784061646048,135.14656098268,Z000850,0,,,,,,,１,長田区
S280100004100200,名倉町,34.6786318351318,135.146769293173,Z000850,0,,,,,,,２,長田区
S280100004200100,名倉小学校前,34.6802896322857,135.147324771006,Z000840,0,,,,,,,１,長田区
S280100004200200,名倉小学校前,34.6804198290462,135.14760252273,Z000840,0,,,,,,,２,長田区
S280100004300100,房王寺町５丁目,34.680489301261,135.15020646435,Z000830,0,,,,,,,１,長田区
S280100004300200,房王寺町５丁目,34.679899099717,135.150761982384,Z000830,0,,,,,,,２,長田区
S280100004300300,房王寺町５丁目,34.679933814164,135.150484227856,Z000830,0,,,,,,,３,長田区
S280100004300400,房王寺町５丁目,34.6798209782065,135.150345352842,Z000830,0,,,,,,,４,長田区
S280100004400100,菊水町１０丁目,34.681626390595,135.154962979223,Z000820,0,,,,,,,１,兵庫区
S280100004400200,菊水町１０丁目,34.6808278672641,135.154754678289,Z000820,0,,,,,,,２,兵庫区
S280100004500100,鵯越町,34.6836921396808,135.155692045319,Z000810,0,,,,,,,１,兵庫区
S280100004500200,鵯越町,34.6836921418719,135.155830922185,Z000810,0,,,,,,,２,兵庫区
S280100004600100,夢野町３丁目,34.6849507037014,135.157254386709,Z000800,0,,,,,,,１,兵庫区
S280100004600200,夢野町３丁目,34.684855229446,135.157323826899,Z000800,0,,,,,,,２,兵庫区
S280100004700100,夢野町２丁目,34.6852979312253,135.159962480545,Z001160,0,,,,,,,１,兵庫区
S280100004700200,夢野町２丁目,34.685237171968,135.159788884099,Z001160,0,,,,,,,２,兵庫区
S280100004700300,夢野町２丁目,34.685150376859,135.159858324795,Z001160,0,,,,,,,３,兵庫区
S280100004700400,夢野町２丁目,34.6848465961078,135.160274964888,Z001160,0,,,,,,,４,兵庫区
S280100004800100,熊野橋,34.6826506873278,135.162531777747,Z001150,0,,,,,,,１,兵庫区
S280100004800200,熊野橋,34.6831801327473,135.161767937245,Z001150,0,,,,,,,２,兵庫区
S280100004800300,熊野橋,34.6825638927469,135.162635938127,Z001150,0,,,,,,,３,兵庫区
S280100004800400,熊野橋,34.6825725697032,135.16242762065,Z001150,0,,,,,,,４,兵庫区
S280100004900100,東山町,34.680958190317,135.164302509419,Z001140,0,,,,,,,１,兵庫区
S280100004900200,東山町,34.6815483919288,135.163503947418,Z001140,0,,,,,,,２,兵庫区
S280100004900300,東山町,34.680880075393,135.164406669726,Z001140,0,,,,,,,３,兵庫区
S280100005000100,湊川公園西口,34.6781286896475,135.167635649436,Z001130,0,,,,,,,１,兵庫区
S280100005000200,湊川公園西口,34.67954343802,135.165830200069,Z001130,0,,,,,,,２,兵庫区
S280100005000300,湊川公園西口,34.6795955182877,135.166038516477,Z001130,0,,,,,,,３,兵庫区
S280100005000400,湊川公園西口,34.6793785287061,135.166038521038,Z001130,0,,,,,,,４,兵庫区
S280100005000700,湊川公園西口,34.6793264553732,135.166350998409,Z001130,0,,,,,,,７,兵庫区
S280100005100100,新開地,34.6768094010134,135.168955030434,Z001120,0,,,,,,,１,兵庫区
S280100005100200,新開地,34.676835436585,135.168677272537,Z001120,0,,,,,,,２,兵庫区
S280100005100300,新開地,34.6767312992212,135.170204940032,Z001120,0,,,,,,,３,兵庫区
S280100005100400,新開地,34.6766965876665,135.170795175125,Z001120,0,,,,,,,４,兵庫区
S280100005100500,新開地,34.6765143044882,135.169927188971,Z001120,0,,,,,,,５,兵庫区
S280100005100600,新開地,34.6765837301872,135.16895503661,Z001120,0,,,,,,,６,兵庫区
S280100005100700,新開地,34.6767312821011,135.168781434313,Z001120,0,,,,,,,７,兵庫区
S280100005200100,湊町２丁目,34.674821799558,135.172635371584,Z004320,0,,,,,,,１,兵庫区
S280100005200200,湊町２丁目,34.6749172697751,135.17207985662,Z004320,0,,,,,,,２,兵庫区
S280100005300100,七宮町,34.6716797984815,135.17655876475,Z004330,0,,,,,,,１,兵庫区
S280100005300200,七宮町,34.6713239276826,135.176211581385,Z004330,0,,,,,,,２,兵庫区
S280100005400100,鍛冶屋町,34.6699872561786,135.176211622814,Z004340,0,,,,,,,１,兵庫区
S280100005400200,鍛冶屋町,34.6697008264936,135.176038033922,Z004340,0,,,,,,,２,兵庫区
S280100005500100,中央市場前,34.6665935235236,135.176038122396,Z004350,0,,,,,,,１,兵庫区
S280100005500200,中央市場前,34.6665414436724,135.175829807251,Z004350,0,,,,,,,２,兵庫区
S280100005500300,中央市場前,34.6668712609035,135.175031250766,Z004350,0,,,,,,,３,兵庫区
S280100005500400,中央市場前,34.6669667331202,135.174684053654,Z004350,0,,,,,,,４,
S280100005700100,今出在家,34.6611166987676,135.176489610931,Z004370,0,,,,,,,１,兵庫区
S280100005700200,今出在家,34.6609604672282,135.176350730952,Z004370,0,,,,,,,２,兵庫区
S280100005800100,梅ヶ香町,34.6623924863447,135.156734022686,Z004380,0,,,,,,,１,長田区
S280100005900100,神戸駅前,34.679691135608,135.177009880089,Z000720,0,,,,,,,Ａ,中央区
S280100005900200,神戸駅前,34.6793005539091,135.176940450278,Z000720,0,,,,,,,Ｃおりば,中央区
S280100005900300,神戸駅前,34.6791877220494,135.177148769411,Z000720,0,,,,,,,Ｄ,中央区
S280100005900400,神戸駅前,34.6792484821046,135.177391803949,Z000720,0,,,,,,,Ｅおりば,中央区
S280100005900500,神戸駅前,34.679456793188,135.177495957392,Z000720,0,,,,,,,Ｆ,中央区
S280100005900600,神戸駅前,34.6796390633782,135.177426514335,Z000720,0,,,,,,,Ｇ,中央区
S280100005900700,神戸駅前,34.6797518952346,135.177218195204,Z000720,0,,,,,,,Ｈ,中央区
S280100006000100,多聞通５丁目,34.6796910947536,135.173746254596,Z000730,0,,,,,,,１,中央区
S280100006000200,多聞通５丁目,34.6795261828759,135.173746258393,Z000730,0,,,,,,,２,兵庫区
S280100006000300,多聞通５丁目,34.6787363422102,135.173780996003,Z000730,0,,,,,,,３,中央区
S280100006000400,多聞通５丁目,34.6794046840539,135.174961440907,Z000730,0,,,,,,,４,中央区
S280100006000500,多聞通５丁目,34.6796303490432,135.17464896092,Z000730,0,,,,,,,５,中央区
S280100006000600,多聞通５丁目,34.6785367271789,135.174996180345,Z000730,0,,,,,,,６,中央区
S280100006100100,新開地東口,34.6778336426989,135.172253365432,Z001110,0,,,,,,,１,兵庫区
S280100006100200,新開地東口,34.6779985510286,135.171836725274,Z001110,0,,,,,,,２,兵庫区
S280100006200100,永沢町,34.6738062449852,135.169163431151,Z004810,0,,,,,,,１,兵庫区
S280100006200200,永沢町,34.6726952444005,135.168469065913,Z004810,0,,,,,,,２,兵庫区
S280100006300100,柳原,34.6707423206098,135.167774721143,Z004820,0,,,,,,,１,兵庫区
S280100006300200,柳原,34.6704385313585,135.167427530358,Z004820,0,,,,,,,２,兵庫区
S280100006400100,兵庫駅前,34.6687373138936,135.16454582035,Z001630,0,,,,,,,１,兵庫区
S280100006400200,兵庫駅前,34.6689716614156,135.164233335647,Z001630,0,,,,,,,２,兵庫区
S280100006400300,兵庫駅前,34.6688154285947,135.164198619343,Z001630,0,,,,,,,３,兵庫区
S280100006400400,兵庫駅前,34.6693709185485,135.163400048693,Z001630,0,,,,,,,４,兵庫区
S280100006500100,塚本通８丁目,34.6686505010036,135.160900230534,Z001660,0,,,,,,,１,兵庫区
S280100006500200,塚本通８丁目,34.6684508685707,135.160448875637,Z001660,0,,,,,,,２,兵庫区
S280100006600100,西市民病院前,34.6678693020136,135.156976947923,Z001670,0,,,,,,,１,長田区
S280100006600200,西市民病院前,34.6681557232514,135.156560311178,Z001670,0,,,,,,,２,長田区
S280100006700200,明泉寺橋,34.6783540611507,135.144547278446,Z004390,0,,,,,,,２,長田区
S280100006700100,明泉寺橋,34.6782412279526,135.144616718626,Z004390,0,,,,,,,１,長田区
S280100006800200,大日寺前,34.6809145261933,135.144443073626,Z004400,0,,,,,,,２,長田区
S280100006800100,大日寺前,34.681200950872,135.144408349173,Z004400,0,,,,,,,１,長田区
S280100006900200,堀切,34.6816522574739,135.141561371845,Z004410,0,,,,,,,２,長田区
S280100006900100,堀切,34.6817130155268,135.141665527996,Z004410,0,,,,,,,１,長田区
S280100007000200,丸山,34.6835791190415,135.141318297882,Z004420,0,,,,,,,２,長田区
S280100007000100,丸山,34.6833534505896,135.141353021744,Z004420,0,,,,,,,１,長田区
S280100007100100,丸山町３丁目,34.6849331148238,135.139200397825,Z004430,0,,,,,,,１,長田区
S280100007200100,花山町１丁目,34.6856274682795,135.137429701722,Z004440,0,,,,,,,１,長田区
S280100007300100,花山町２丁目,34.6862784258463,135.135693724234,Z004450,0,,,,,,,１,長田区
S280100007400100,一里山,34.687076937337,135.134409095787,Z004460,0,,,,,,,１,長田区
S280100007500100,萩乃町,34.6885871577888,135.132568952508,Z004470,0,,,,,,,１,長田区
S280100007600100,ひばりが丘,34.6902623244291,135.133089705649,Z004480,0,,,,,,,１,長田区
S280100007700100,大日丘住宅前,34.6897502591867,135.135415899492,Z004490,0,,,,,,,１,長田区
S280100007800100,大日丘,34.6878147311236,135.138124039927,Z004500,0,,,,,,,１,長田区
S280100007900100,西丸山町３丁目,34.6864607182541,135.138749013619,Z004510,0,,,,,,,１,長田区
S280100008000100,西丸山町１丁目,34.6854105079091,135.141318259835,Z004520,0,,,,,,,１,長田区
S280100008100100,若草町,34.689003447183,135.110556973431,Z001560,0,,,,,,,１,須磨区
S280100008100300,若草町,34.6894721437137,135.110661124019,Z001560,0,,,,,,,３,須磨区
S280100008200100,大曲り,34.6885694730252,135.110730576477,Z001550,0,,,,,,,１,須磨区
S280100008200200,大曲り,34.6872415019414,135.110591719795,Z001550,0,,,,,,,２,須磨区
S280100008300100,車大道,34.6841342320555,135.111251435397,Z001540,0,,,,,,,１,須磨区
S280100008300200,車大道,34.6841081956073,135.111390313057,Z001540,0,,,,,,,２,須磨区
S280100008400100,車竹ノ下,34.6814088611018,135.111806987553,Z001530,0,,,,,,,１,須磨区
S280100008400200,車竹ノ下,34.6807752493714,135.111563962341,Z001530,0,,,,,,,２,須磨区
S280100008500100,妙法寺駅前,34.6756195511137,135.110140559354,Z001510,0,,,,,,,１,須磨区
S280100008500200,妙法寺駅前,34.675428597767,135.110036405073,Z001510,0,,,,,,,２,須磨区
S280100008500300,妙法寺駅前,34.6752897247416,135.110071126982,Z001510,0,,,,,,,３,須磨区
S280100008500400,妙法寺駅前,34.6752376504651,135.11024472441,Z001510,0,,,,,,,４,須磨区
S280100008500500,妙法寺駅前,34.6753504900441,135.110487757326,Z001510,0,,,,,,,５番おりば,須磨区
S280100008600100,広畑橋,34.6787355566317,135.111702871914,Z001520,0,,,,,,,１,須磨区
S280100008600200,広畑橋,34.6773294821352,135.112675037248,Z001520,0,,,,,,,２,須磨区
S280100008600300,広畑橋,34.6768433742261,135.110071097694,Z001520,0,,,,,,,３,須磨区
S280100008700100,中田,34.6763573972268,135.114272142603,Z005420,0,,,神戸市須磨区,,,,１,須磨区
S280100008700200,中田,34.676400783873,135.113681913681,Z005420,0,,,神戸市須磨区,,,,２,須磨区
S280100008800100,奥妙法寺,34.6748038149016,135.11770937855,Z005430,0,,,,,,,１,須磨区
S280100008800200,奥妙法寺,34.6748124904636,135.117501062708,Z005430,0,,,,,,,２,須磨区
S280100008900100,堂ノ下,34.6736841808829,135.119480079211,Z005440,0,,,,,,,１,須磨区
S280100008900200,堂ノ下,34.6736668203311,135.11941064094,Z005440,0,,,,,,,２,須磨区
S280100009000100,那須神社前,34.6724169974025,135.121424376833,Z005450,0,,,,,,,１,須磨区
S280100009000200,那須神社前,34.672312842223,135.121424378358,Z005450,0,,,,,,,２,須磨区
S280100009100100,口ノ川,34.6703599622472,135.12361172023,Z005460,0,,,,,,,１,須磨区
S280100009100200,口ノ川,34.670576951009,135.123507559324,Z005460,0,,,,,,,２,須磨区
S280100009200100,禅昌寺,34.6679991467845,135.127187849437,Z005470,0,,,,,,,１,須磨区
S280100009200200,禅昌寺,34.6678342342794,135.12718785267,Z005470,0,,,,,,,２,須磨区
S280100009300100,明神町,34.665577557054,135.128784982085,Z005480,0,,,,,,,１,須磨区
S280100009300200,明神町,34.665777185189,135.128576662773,Z005480,0,,,,,,,２,須磨区
S280100009400100,川上町,34.664206190401,135.12951411239,Z005490,0,,,,,,,１,須磨区
S280100009400200,川上町,34.6632688019809,135.130069637913,Z005490,0,,,,,,,２,須磨区
S280100009500100,前池町,34.6611423343974,135.132187550489,Z000920,0,,,,,,,１,須磨区
S280100009500200,前池町,34.6622620102025,135.132881913715,Z000920,0,,,,,,,２,須磨区
S280100009500300,前池町,34.6620710432417,135.131770902285,Z000920,0,,,,,,,３,須磨区
S280100009500400,前池町,34.6620363233836,135.131666745282,Z000920,0,,,,,,,４,須磨区
S280100009700100,大田町２丁目,34.6583302062611,135.136180316791,Z001180,0,,,,,,,１,須磨区
S280100009700300,大田町２丁目,34.6567157970324,135.135520683189,Z001180,0,,,,,,,３,須磨区
S280100009700400,大田町２丁目,34.6565595650524,135.135555405547,Z001180,0,,,,,,,４,須磨区
S280100009700200,大田町２丁目,34.658147934726,135.136145601189,Z001180,0,,,,,,,２,須磨区
S280100009800200,千歳町,34.6556829646108,135.138645437442,Z005500,0,,,,,,,２,須磨区
S280100009900200,大橋９丁目,34.6530878248298,135.143124278511,Z002180,0,,,,,,,２,長田区
S280100009900300,大橋９丁目,34.6525062896065,135.142846537939,Z002180,0,,,,,,,３,長田区
S280100010000100,大橋５丁目,34.654094682725,135.145381009473,Z002190,0,,,,,,,１,長田区
S280100010000200,大橋５丁目,34.6544679027988,135.145242124197,Z002190,0,,,,,,,２,長田区
S280100010100600,新長田駅前,34.6567940244256,135.14486016144,Z001210,0,,,,,,,Ｅ,長田区
S280100010100700,新長田駅前,34.6566811915997,135.144999040929,Z001210,0,,,,,,,Ｄ,長田区
S280100010100800,新長田駅前,34.6568461043576,135.145068475836,Z001210,0,,,,,,,Ａ,長田区
S280100010100900,新長田駅前,34.6567159119683,135.145172636452,Z001210,0,,,,,,,Ｂ,長田区
S280100010101000,新長田駅前,34.6565509996241,135.145137920804,Z001210,0,,,,,,,Ｃ,長田区
S280100010200100,水笠通,34.6595020223473,135.142360317365,Z001200,0,,,,,,,１,長田区
S280100010200200,水笠通,34.659328430418,135.142325601824,Z001200,0,,,,,,,２,長田区
S280100010300100,御屋敷通５丁目,34.6595106752102,135.140103566849,Z005510,0,,,,,,,１,長田区
S280100010400100,松原通５丁目,34.6636163543528,135.164684820093,Z001250,0,,,,,,,１,兵庫区
S280100010400200,松原通５丁目,34.6637031520317,135.165309778806,Z001250,0,,,,,,,２,兵庫区
S280100010500100,松原通２丁目,34.6634254094475,135.166976347755,Z005710,0,,,,,,,１,兵庫区
S280100010500200,松原通２丁目,34.6635208869482,135.167670746285,Z005710,0,,,,,,,２,兵庫区
S280100010600100,須佐野通,34.6651526559585,135.168747024851,Z007200,0,,,,,,,１,兵庫区
S280100010600200,須佐野通,34.6651439769301,135.168920625113,Z007200,0,,,,,,,２,兵庫区
S280100010700100,西柳原,34.6688762041584,135.168087248628,Z005730,0,,,,,,,１,兵庫区
S280100010700200,西柳原,34.6690497964184,135.16812196406,Z005730,0,,,,,,,２,兵庫区
S280100010800100,大開駅前,34.6705166114225,135.161039072142,Z001640,0,,,,,,,１,兵庫区
S280100010800200,大開駅前,34.6704385040613,135.162601467955,Z001640,0,,,,,,,２,兵庫区
S280100010900100,水木小学校前,34.6691365434347,135.158990639172,Z001650,0,,,,,,,１,兵庫区
S280100010900200,水木小学校前,34.6701520630149,135.159893323034,Z001650,0,,,,,,,２,兵庫区
S280100011000100,五番町４丁目,34.6702387893634,135.15381744929,Z005770,0,,,,,,,１,長田区
S280100011000200,五番町４丁目,34.6702387933858,135.154164641806,Z005770,0,,,,,,,２,長田区
S280100011100100,五番町２丁目,34.6719660501062,135.156213046567,Z005760,0,,,,,,,１,長田区
S280100011100200,五番町２丁目,34.6718445382686,135.156386645012,Z005760,0,,,,,,,２,長田区
S280100011200100,重池町１丁目,34.6756114521104,135.155032526416,Z005750,0,,,,,,,１,長田区
S280100011200200,重池町１丁目,34.6757850433436,135.155032523292,Z005750,0,,,,,,,２,長田区
S280100011300100,重池町２丁目,34.677494899396,135.15360900321,Z005740,0,,,,,,,１,長田区
S280100011300200,重池町２丁目,34.6774341450471,135.153817319812,Z005740,0,,,,,,,２,長田区
S280100011400100,市民福祉交流センター前,34.6925805659731,135.201972821214,Z006510,0,,,,,,,１,中央区
S280100011400200,市民福祉交流センター前,34.6925632030261,135.201625627922,Z006510,0,,,,,,,２番おりば,中央区
S280100011500100,磯上公園前,34.6916257930684,135.20016742999,Z006520,0,,,,,,,１,中央区
S280100011500200,磯上公園前,34.6920076928047,135.200028546384,Z006520,0,,,,,,,２,中央区
S280100011700100,三宮駅前,34.6934744935023,135.19530669207,Z003330,0,,,,,,,２,中央区
S280100011700200,三宮駅前,34.6934397742945,135.195202534621,Z003330,0,,,,,,,３,中央区
S280100011700300,三宮駅前,34.6935352487161,135.195098375084,Z003330,0,,,,,,,４番おりば,中央区
S280100011800100,三宮町１丁目,34.6919902591169,135.192216696591,Z006530,0,,,,,,,１,中央区
S280100011800200,三宮町１丁目,34.6930318215458,135.193744329317,Z006530,0,,,,,,,２,中央区
S280100011900100,三宮町２丁目,34.6906188656992,135.189890526869,Z006540,0,,,,,,,１,中央区
S280100011900200,三宮町２丁目,34.6912438003756,135.190480743932,Z006540,0,,,,,,,２,中央区
S280100012000100,トアロード,34.6933268841799,135.18881417913,Z006550,0,,,,,,,１,中央区
S280100012100100,元町駅前,34.6909399948041,135.188154555914,Z006560,0,,,,,,,１,中央区
S280100012200100,中山手３丁目,34.6945680515961,135.187425382549,Z003080,0,,,,,,,１,中央区
S280100012200200,中山手３丁目,34.6950107132346,135.187842007025,Z003080,0,,,,,,,２,中央区
S280100012200300,中山手３丁目,34.695227713282,135.189126619742,Z003080,0,,,,,,,３,中央区
S280100012300100,山本通３丁目,34.6969201992328,135.186626807656,Z006570,0,,,,,,,１,中央区
S280100012300200,山本通３丁目,34.6965035849811,135.186939286069,Z006570,0,,,,,,,２,中央区
S280100012400100,山本通４丁目,34.6962084336218,135.182738245146,Z006580,0,,,,,,,１,中央区
S280100012400200,山本通４丁目,34.6962865497363,135.182772963845,Z006580,0,,,,,,,２,中央区
S280100012500100,諏訪山公園下,34.6938996338087,135.179613527828,Z006590,0,,,,,,,１,中央区
S280100012500200,諏訪山公園下,34.693908311567,135.179474649863,Z006590,0,,,,,,,２,中央区
S280100012600100,再度筋,34.6931791949352,135.177009584212,Z006600,0,,,,,,,１,中央区
S280100012600200,再度筋,34.6932833502977,135.1770443015,Z006600,0,,,,,,,２,中央区
S280100012700100,楠谷町,34.6925195218024,135.175065309186,Z006610,0,,,,,,,１,兵庫区
S280100012700200,楠谷町,34.6923459221433,135.174440362906,Z006610,0,,,,,,,２,兵庫区
S280100012800100,五宮町,34.6913737660213,135.17100316018,Z006620,0,,,,,,,１,兵庫区
S280100012800200,五宮町,34.6915820842473,135.171697543977,Z006620,0,,,,,,,２,兵庫区
S280100012900100,平野,34.6902367007867,135.167600679297,Z000770,0,,,,,,,１,兵庫区
S280100012900200,平野,34.6902280086418,135.166559096496,Z000770,0,,,,,,,２,兵庫区
S280100012900300,平野,34.6906186052899,135.167878427575,Z000770,0,,,,,,,３,兵庫区
S280100012900400,平野,34.6905231304223,135.167913148796,Z000770,0,,,,,,,４,兵庫区
S280100013000100,石井橋,34.6897071972257,135.163469075481,Z000780,0,,,,,,,１,兵庫区
S280100013000200,石井橋,34.6897679646522,135.164337060533,Z000780,0,,,,,,,２,兵庫区
S280100013100100,石井町,34.6881621955674,135.160240189442,Z000790,0,,,,,,,１,兵庫区
S280100013100200,石井町,34.6880927602764,135.160344348864,Z000790,0,,,,,,,２,兵庫区
S280100013200100,楠町６丁目,34.682529281116,135.17107278969,Z000740,0,,,,,,,１,中央区
S280100013200200,楠町６丁目,34.6827983426612,135.170656149027,Z000740,0,,,,,,,２,中央区
S280100013300100,大学病院前,34.6851852160552,135.169857546351,Z000750,0,,,,,,,１,中央区
S280100013300200,大学病院前,34.6847425572472,135.169822836668,Z000750,0,,,,,,,２,兵庫区
S280100013400100,家庭裁判所前,34.6883098454544,135.168399263033,Z000760,0,,,,,,,１,兵庫区
S280100013400200,家庭裁判所前,34.6876328421385,135.168677031841,Z000760,0,,,,,,,２,兵庫区
S280100013500100,上沢４丁目,34.6761409939774,135.162462469974,Z007230,0,,,,,,,１,兵庫区
S280100013500200,上沢４丁目,34.6762711946527,135.163052701622,Z007230,0,,,,,,,２,兵庫区
S280100013600300,地下鉄上沢駅前,34.6733287815875,135.159580789447,Z007190,0,,,,,,,３,兵庫区
S280100013600400,地下鉄上沢駅前,34.6733982189424,135.159650226701,Z007190,0,,,,,,,４,兵庫区
S280100013700100,御崎本町,34.6594675555381,135.171073336851,Z007210,0,,,,,,,１,兵庫区
S280100013700200,御崎本町,34.6588860348793,135.171594126305,Z007210,0,,,,,,,２,兵庫区
S280100014200200,天井川,34.651829088699,135.128090864568,Z006730,0,,,,,,,２,須磨区
S280100014200300,天井川,34.6516120891539,135.127396484465,Z006730,0,,,,,,,３,須磨区
S280100014300100,戸政町,34.6527057486114,135.129618491796,Z006720,0,,,,,,,１,須磨区
S280100014300200,戸政町,34.6528359408687,135.129514331146,Z006720,0,,,,,,,２,須磨区
S280100014400300,ＪＲ鷹取駅,34.6523846684539,135.134097281697,Z006750,0,,,,,,,おりば,須磨区
S280100014400200,ＪＲ鷹取駅,34.6521850369804,135.134027847724,Z006750,0,,,,,,,２,須磨区
S280100014500100,須磨警察署前,34.6537212830489,135.131250274977,Z006710,0,,,,,,,１,須磨区
S280100014500200,須磨警察署前,34.6544156612029,135.132083523327,Z006710,0,,,,,,,２,須磨区
S280100014600100,大田町６丁目,34.6551794856279,135.133576435704,Z006700,0,,,,,,,１,須磨区
S280100014600200,大田町６丁目,34.6555874302998,135.133888900846,Z006700,0,,,,,,,２,須磨区
S280100014800200,山下町４丁目,34.6615677123158,135.138193966887,Z001190,0,,,,,,,２,長田区
S280100014900100,二葉町,34.6531052492787,135.148609922571,Z002150,0,,,,,,,１,長田区
S280100015000100,駒ヶ林町東,34.6505881755112,135.148887737046,Z002160,0,,,,,,,１,長田区
S280100015100100,駒ヶ林町西,34.648912975044,135.145415850551,Z002170,0,,,,,,,１,長田区
S280100015200100,野田町南,34.6480623547833,135.143679905756,Z006820,0,,,,,,,１,長田区
S280100015200200,野田町南,34.6485744611656,135.144582595434,Z006820,0,,,,,,,２,長田区
S280100015300100,浪松町６丁目,34.648001535612,135.138680327818,Z006780,0,,,,,,,１,長田区
S280100015300200,浪松町６丁目,34.648600417841,135.137951208711,Z006780,0,,,,,,,２,長田区
S280100015400100,鷹取町,34.647255031239,135.133958520784,Z006800,0,,,,,,,１,須磨区
S280100015400200,鷹取町,34.6470293693598,135.134479314726,Z006800,0,,,,,,,２,須磨区
S280100015500100,若宮町,34.6449982756768,135.129445068112,Z006760,0,,,,,,,１,須磨区
S280100015500200,若宮町,34.6446076942789,135.129445077089,Z006760,0,,,,,,,２,須磨区
S280100015600100,小寺町,34.645545173639,135.135520927299,Z006770,0,,,,,,,１,須磨区
S280100015600200,小寺町,34.6457535108298,135.137673519751,Z006770,0,,,,,,,２,須磨区
S280100015700100,三角公園前,34.6472551217846,135.141110696333,Z006810,0,,,,,,,１,長田区
S280100015800100,須磨区文化センター前,34.6506920732286,135.128785274919,Z006740,0,,,,,,,１,須磨区
S280100015800200,須磨区文化センター前,34.650527184468,135.130417083319,Z006740,0,,,,,,,２,須磨区
S280100016000100,宮川町９丁目,34.6757415151907,135.144477884489,Z000860,0,,,,,,,１,長田区
S280100016000200,宮川町９丁目,34.6758196311576,135.144477883174,Z000860,0,,,,,,,２,長田区
S280100016100100,長田小学校前,34.6728164818296,135.14253366235,Z000870,0,,,,,,,１,長田区
S280100016100200,長田小学校前,34.6727817592772,135.142186471586,Z000870,0,,,,,,,２,長田区
S280100016200100,宮丘町,34.6711499580038,135.138471547755,Z000880,0,,,,,,,１,長田区
S280100016200200,宮丘町,34.6718443398412,135.139929741967,Z000880,0,,,,,,,２,長田区
S280100016300100,鷹取団地前,34.6693445836692,135.136249548647,Z000890,0,,,,,,,１,長田区
S280100016300200,鷹取団地前,34.6691102319086,135.135971799491,Z000890,0,,,,,,,２,長田区
S280100016400100,育英高校前,34.6671399596002,135.135138574786,Z000900,0,,,,,,,１,長田区
S280100016400200,育英高校前,34.6673309092778,135.135069132959,Z000900,0,,,,,,,２,長田区
S280100016500100,五位ノ池,34.6646228846017,135.135138620248,Z000910,0,,,,,,,１,長田区
S280100016500200,五位ノ池,34.6637549285319,135.135208074341,Z000910,0,,,,,,,２,長田区
S280100016600100,名谷駅前,34.6789782154439,135.092815594929,Z001260,0,,,,,,,１,須磨区
S280100016600200,名谷駅前,34.6789782224566,135.093266946107,Z001260,0,,,,,,,３,須磨区
S280100016600300,名谷駅前,34.6789695450319,135.093405823507,Z001260,0,,,,,,,４,須磨区
S280100016600400,名谷駅前,34.6790042676744,135.093683577624,Z001260,0,,,,,,,５,須磨区
S280100016600500,名谷駅前,34.6790737075573,135.093891892646,Z001260,0,,,,,,,６,須磨区
S280100016600600,名谷駅前,34.679212581927,135.093961329474,Z001260,0,,,,,,,７,須磨区
S280100016600800,名谷駅前,34.6795424059978,135.093961325166,Z001260,0,,,,,,,おりば,須磨区
S280100016700100,竜が台小学校前,34.6751418276563,135.092885096603,Z001720,0,,,,,,,１,須磨区
S280100016700200,竜が台小学校前,34.6755671249075,135.092642053968,Z001720,0,,,,,,,２,須磨区
S280100016800100,北須磨高校前,34.6721733888148,135.092399076893,Z001730,0,,,,,,,１,須磨区
S280100016800200,北須磨高校前,34.6723817054401,135.092711547401,Z001730,0,,,,,,,２,須磨区
S280100016900100,名谷テニスガーデン前,34.671314033451,135.088510524837,Z001740,0,,,,,,,１,須磨区
S280100016900200,名谷テニスガーデン前,34.6714355554873,135.088892435608,Z001740,0,,,,,,,２,須磨区
S280100017000100,土池公園前,34.6684062647428,135.082191680159,Z001750,0,,,,,,,１,須磨区
S280100017000200,土池公園前,34.6685451416074,135.082504148893,Z001750,0,,,,,,,２,須磨区
S280100017100100,菅の台７丁目,34.6667397380667,135.078303177417,Z001760,0,,,,,,,,須磨区
S280100017200100,奥畑口,34.6708104614092,135.077817021565,Z001770,0,,,,,,,１,垂水区
S280100017200200,奥畑口,34.6707236683386,135.078094775933,Z001770,0,,,,,,,２,須磨区
S280100017300100,神和台口,34.6673472548757,135.073997992094,Z001780,0,,,,,,,１,垂水区
S280100017300200,神和台口,34.668466924734,135.074171562976,Z001780,0,,,,,,,２,垂水区
S280100017400100,名谷小学校前,34.6637712453751,135.072817619862,Z001790,0,,,,,,,１,垂水区
S280100017400200,名谷小学校前,34.6635542525017,135.072609309683,Z001790,0,,,,,,,２,垂水区
S280100017500100,あみだ堂,34.6602820204063,135.071255342087,Z001800,0,,,,,,,１,垂水区
S280100017500200,あみだ堂,34.6611760247962,135.071602509405,Z001800,0,,,,,,,２,垂水区
S280100017600100,滑,34.6578430508986,135.070977652922,Z001810,0,,,,,,,１,垂水区
S280100017600200,滑,34.6582770222532,135.070561012974,Z001810,0,,,,,,,２,垂水区
S280100017700100,つつじが丘２丁目,34.6585201545013,135.076879887801,Z001820,0,,,,,,,１,垂水区
S280100017700200,つつじが丘２丁目,34.6584593904847,135.076428540369,Z001820,0,,,,,,,２,垂水区
S280100017800100,つつじが丘３丁目,34.6601085759556,135.080768393326,Z001830,0,,,,,,,１,垂水区
S280100017800200,つつじが丘３丁目,34.660004416398,135.080455923486,Z001830,0,,,,,,,２,垂水区
S280100017900100,桃山台３丁目,34.657799819193,135.08135867629,Z001840,0,,,,,,,１,垂水区
S280100017900200,桃山台３丁目,34.6577216971049,135.080976767594,Z001840,0,,,,,,,２,垂水区
S280100018000100,桃山台,34.6527743005753,135.078546552755,Z001850,0,,,,,,,１,垂水区
S280100018000200,桃山台,34.6534773540635,135.07899788271,Z001850,0,,,,,,,２,垂水区
S280100018100100,桃山台南口,34.6509862968048,135.077956376566,Z001860,0,,,,,,,１,垂水区
S280100018100200,桃山台南口,34.6510904494662,135.077817497234,Z001860,0,,,,,,,２,垂水区
S280100018200100,松風台,34.6473235178216,135.078234229704,Z001870,0,,,,,,,１,垂水区
S280100018200200,松風台,34.6464381881629,135.077505152751,Z001870,0,,,,,,,２,垂水区
S280100018300100,青山台,34.6431919838719,135.074831868675,Z001880,0,,,,,,,１,垂水区
S280100018300200,青山台,34.6431572756616,135.075422094067,Z001880,0,,,,,,,２,垂水区
S280100018400100,阪神御影,34.7153219830426,135.255995609967,Z001960,0,,,,,,,１,東灘区
S280100018400200,阪神御影,34.7152091539178,135.256446963323,Z001960,0,,,,,,,２,東灘区
S280100018400300,阪神御影,34.715330660344,135.255822013472,Z001960,0,,,,,,,３,東灘区
S280100018400400,阪神御影,34.7152265122456,135.256377524345,Z001960,0,,,,,,,４,東灘区
S280100018400500,阪神御影,34.7154261413763,135.256203922629,Z001960,0,,,,,,,５,東灘区
S280100018500100,中御影,34.7158427350134,135.254086036893,Z001970,0,,,弓場線,,,,１,東灘区
S280100018500200,中御影,34.7161638816466,135.254120747364,Z001970,0,,,弓場線,,,,２,東灘区
S280100018600100,御影大手筋,34.7165631289033,135.252975001146,Z001980,0,,,,,,,１,東灘区
S280100018600200,御影大手筋,34.7164502796662,135.251933426684,Z001980,0,,,,,,,２,東灘区
S280100018700100,御影公会堂前,34.7157645665029,135.250232202106,Z001990,0,,,,,,,１,東灘区
S280100018700200,御影公会堂前,34.7157558798717,135.24971141357,Z001990,0,,,,,,,２,東灘区
S280100018800100,徳井,34.7137074214422,135.244538301229,Z002000,0,,,,,,,１,灘区
S280100018800200,徳井,34.713820253244,135.244295263333,Z002000,0,,,,,,,２,灘区
S280100018900100,灘区役所前,34.7130390346265,135.2401636949,Z000010,0,,,,,,,１,灘区
S280100018900200,灘区役所前,34.7125356245696,135.240719217199,Z000010,0,,,,,,,２,灘区
S280100018900300,灘区役所前,34.7136292460678,135.240024800993,Z000010,0,,,,,,,３,灘区
S280100018900400,灘区役所前,34.7120408754389,135.239816531107,Z000010,0,,,,,,,４,灘区
S280100018900500,灘区役所前,34.7121103091881,135.239573494436,Z000010,0,,,,,,,５,灘区
S280100019000100,楠丘町５丁目,34.7213974704421,135.238913567565,Z002010,0,,,,,,,１,灘区
S280100019000200,楠丘町５丁目,34.7215103129119,135.239469073282,Z002010,0,,,,,,,２,灘区
S280100019100100,楠丘町３丁目,34.7220571563599,135.241552216419,Z002020,0,,,,,,,１,灘区
S280100019100200,楠丘町３丁目,34.7220571604857,135.241829970612,Z002020,0,,,,,,,２,灘区
S280100019200100,高羽町,34.7245221322883,135.240163385095,Z000660,0,,,,,,,１,灘区
S280100019200200,高羽町,34.7240968453921,135.240927219211,Z000660,0,,,,,,,２,灘区
S280100019300100,神大国際文化学研究科前,34.7295128246113,135.236864937276,Z000670,0,,,,,,,１,灘区
S280100019300200,神大国際文化学研究科前,34.72786373676,135.238462060924,Z000670,0,,,,,,,２,灘区
S280100019400100,鶴甲南,34.7326635124173,135.237628686567,Z000680,0,,,,,,,１,灘区
S280100019400200,鶴甲南,34.7325506788835,135.237663408471,Z000680,0,,,,,,,２,灘区
S280100019500100,鶴甲２丁目,34.7345730369681,135.239156289625,Z000690,0,,,,,,,１,灘区
S280100019500200,鶴甲２丁目,34.7349983318784,135.238982683406,Z000690,0,,,,,,,２,灘区
S280100019500300,鶴甲２丁目,34.7349549164195,135.23787166771,Z000690,0,,,,,,,３,灘区
S280100019600100,鶴甲４丁目,34.7367515444957,135.23564959404,Z000700,0,,,,,,,１,灘区
S280100019600200,鶴甲４丁目,34.7363523221781,135.237802196425,Z000700,0,,,,,,,２,灘区
S280100019700100,六甲ケーブル下,34.7370466016367,135.233149810407,Z000710,0,,,,,,,１,灘区
S280100019700200,六甲ケーブル下,34.7367948985508,135.23314981284,Z000710,0,,,,,,,２,灘区
S280100019800100,神大国際文化学研究科前,34.730285332839,135.238600881137,Z002030,0,,,東門,,,,１,灘区
S280100019900100,山下町１丁目,34.6617153092382,135.141943639869,Z002200,0,,,,,,,１,長田区
S280100019900200,山下町１丁目,34.6615764364896,135.141978361767,Z002200,0,,,,,,,２,長田区
S280100020000100,西代,34.6637984536556,135.145901589725,Z002210,0,,,,,,,１,長田区
S280100020000200,西代,34.6637203428603,135.146352940984,Z002210,0,,,,,,,２,長田区
S280100020100100,大道通３丁目,34.6647445433827,135.147255619973,Z002220,0,,,,,,,１,長田区
S280100020100200,大道通３丁目,34.664614354124,135.147637534345,Z002220,0,,,,,,,２,長田区
S280100020200100,大道通１丁目,34.6659076282376,135.14916515555,Z002230,0,,,,,,,１,長田区
S280100020200200,大道通１丁目,34.6655864843601,135.149199881225,Z002230,0,,,,,,,２,長田区
S280100020300100,林山町,34.6777725167177,135.143436278555,Z002240,0,,,,,,,１,長田区
S280100020300200,林山町,34.6779721463886,135.143436275284,Z002240,0,,,,,,,２,長田区
S280100020400100,堀切西,34.6814959972833,135.138922721231,Z002250,0,,,,,,,１,長田区
S280100020400200,堀切西,34.6814005285338,135.139547667661,Z002250,0,,,,,,,２,長田区
S280100020500100,花山町,34.6835530339953,135.136179859962,Z002260,0,,,,,,,１,長田区
S280100020500200,花山町,34.6834315239886,135.13666593138,Z002260,0,,,,,,,２,長田区
S280100020600100,鹿松町,34.6830843094375,135.133575932835,Z002270,0,,,,,,,１,長田区
S280100020600200,鹿松町,34.6828499550464,135.133089869752,Z002270,0,,,,,,,２,長田区
S280100020700100,藪中,34.6809056986728,135.130034622871,Z002280,0,,,,,,,１,須磨区
S280100020700200,藪中,34.6811834530118,135.130937317046,Z002280,0,,,,,,,２,須磨区
S280100020800100,風早,34.6814524780152,135.126354371763,Z002290,0,,,,,,,１,須磨区
S280100020800200,風早,34.6814264431983,135.126771003113,Z002290,0,,,,,,,２,須磨区
S280100020900100,ひよどり台南町２丁目,34.6877884947192,135.122778178476,Z002300,0,,,,,,,１,北区
S280100020900200,ひよどり台南町２丁目,34.6877971762915,135.122917054753,Z002300,0,,,,,,,２,北区
S280100021000100,ひよどり台南町３丁目,34.6896111798856,135.12128521554,Z002310,0,,,,,,,１,北区
S280100021000200,ひよどり台南町３丁目,34.6895157058125,135.121354655968,Z002310,0,,,,,,,２,北区
S280100021100100,ひよどり台１丁目,34.6959907036798,135.124166776562,Z001290,0,,,,,,,１,北区
S280100021100200,ひよどり台１丁目,34.6956348534549,135.124930604542,Z001290,0,,,,,,,２,北区
S280100021200100,ひよどり台センター前,34.6982213061221,135.121215602701,Z001300,0,,,,,,,１,北区
S280100021200200,ひよどり台センター前,34.6978133690197,135.121389207137,Z001300,0,,,,,,,２,北区
S280100021300100,ひよどり台,34.7006169111947,135.123888929372,Z001310,0,,,,,,,１,北区
S280100021300200,ひよどり台,34.7002784017166,135.123507025555,Z001310,0,,,,,,,２,北区
S280100021300300,ひよどり台,34.7002697171017,135.123194553337,Z001310,0,,,,,,,３,北区
S280100021300400,ひよどり台,34.7005127574497,135.123958369805,Z001310,0,,,,,,,４番おりば,北区
S280100021400100,ひよどり北町,34.7063974563224,135.121041843648,Z001320,0,,,,,,,１,北区
S280100021400200,ひよどり北町,34.7059808410822,135.121284886045,Z001320,0,,,,,,,２,北区
S280100021500100,市民防災総合センター,34.7101991053689,135.121180650029,Z001330,0,,,,,,,１,北区
S280100021500200,市民防災総合センター,34.709678332782,135.121250098231,Z001330,0,,,,,,,２,北区
S280100021600100,星和台南,34.7154849689145,135.121458302735,Z001340,0,,,,,,,１,北区
S280100021600200,星和台南,34.7154936513385,135.121666618346,Z001340,0,,,,,,,２,北区
S280100021700100,テニスコート前,34.7123168500547,135.116076875131,Z001350,0,,,,,,,１,北区
S280100021700200,テニスコート前,34.7122040165065,135.116146315957,Z001350,0,,,,,,,２,北区
S280100021800100,しあわせの村中央,34.7078295108597,135.116007525618,Z001360,0,,,,,,,１,北区
S280100021800200,しあわせの村中央,34.7080378180398,135.115833925227,Z001360,0,,,,,,,２,北区
S280100021800300,しあわせの村中央,34.7086280283339,135.11579919425,Z001360,0,,,,,,,３,北区
S280100021900100,病院前,34.706440779134,135.115972833896,Z001370,0,,,しあわせの村,,,,１,北区
S280100021900200,病院前,34.706449454596,135.115695079808,Z001370,0,,,しあわせの村,,,,２,北区
S280100021900400,病院前,34.7064754989547,135.116076990927,Z001370,0,,,しあわせの村,,,,４番おりば,北区
S280100022000100,三宮駅ターミナル前,34.6949066246242,135.19544554658,Z000180,0,,,,,,,３,中央区
S280100022000200,三宮駅ターミナル前,34.6949934212585,135.195514983404,Z000180,0,,,,,,,２,中央区
S280100022000300,三宮駅ターミナル前,34.6951236168942,135.195688577218,Z000180,0,,,,,,,１,中央区
S280100022000400,三宮駅ターミナル前,34.6946549238701,135.196244095625,Z000180,0,,,,,,,９番おりば,中央区
S280100022100100,新神戸駅前,34.7060599213552,135.195757774513,Z002360,0,,,,,,,,中央区
S280100022100200,新神戸駅前,34.7056780165984,135.195618906289,Z002360,0,,,,,,,２,中央区
S280100022100300,新神戸駅前,34.7058342700814,135.196834068738,Z002360,0,,,,,,,３,中央区
S280100022200100,観音寺北,34.7169184458078,135.216901582754,Z000470,0,,,,,,,１,灘区
S280100022300100,摩耶ケーブル下,34.719756672548,135.216311291687,Z000480,0,,,,,,,１,灘区
S280100022300200,摩耶ケーブル下,34.7197393118277,135.216241853594,Z000480,0,,,,,,,２,灘区
S280100022400100,城ノ前南,34.7195662742286,135.25262772652,Z002470,0,,,弓場線,,,,１,東灘区
S280100022400200,城ノ前南,34.7208248152558,135.252558254071,Z002470,0,,,弓場線,,,,２,東灘区
S280100022500100,城ノ前,34.7223697744048,135.252002704811,Z002480,0,,,,,,,１,東灘区
S280100022500200,城ノ前,34.7227343176845,135.252037414298,Z002480,0,,,,,,,２,東灘区
S280100022600100,阪急御影,34.7245396928737,135.253426135041,Z002490,0,,,,,,,１,東灘区
S280100022600200,阪急御影,34.7242359020564,135.25307895096,Z002490,0,,,,,,,２,東灘区
S280100022700100,阪急御影北口,34.724912904536,135.252697021276,Z002500,0,,,,,,,１,東灘区
S280100022700200,阪急御影北口,34.7249389453643,135.252835897472,Z002500,0,,,,,,,２,東灘区
S280100022800100,深田池,34.7263016531576,135.253634402816,Z002510,0,,,,,,,１,東灘区
S280100022800200,深田池,34.726353733319,135.253807997488,Z002510,0,,,,,,,２,東灘区
S280100022900100,神大附属前,34.7323513098857,135.253425936527,Z002520,0,,,,,,,１,東灘区
S280100022900200,神大附属前,34.732290555917,135.253599533749,Z002520,0,,,,,,,２,東灘区
S280100023000100,住吉山手,34.7324988878127,135.254918856433,Z002530,0,,,,,,,１,東灘区
S280100023000200,住吉山手,34.7324120886326,135.254710543659,Z002530,0,,,,,,,２,東灘区
S280100023100100,赤塚山,34.7344604773023,135.255370156866,Z002540,0,,,,,,,１,東灘区
S280100023100200,赤塚山,34.7343910438672,135.255543754211,Z002540,0,,,,,,,２,東灘区
S280100023200100,蓬莱山荘,34.7354932943107,135.25255788332,Z002550,0,,,,,,,１,東灘区
S280100023200200,蓬莱山荘,34.7356321665666,135.252523160922,Z002550,0,,,,,,,２,東灘区
S280100023300100,鴨子ケ原２丁目東,34.7345298561932,135.252141276653,Z002560,0,,,,,,,１,東灘区
S280100023300200,鴨子ケ原２丁目東,34.7345211778782,135.252210715104,Z002560,0,,,,,,,２,東灘区
S280100023400100,鴨子ケ原２丁目,34.7337226247936,135.250266462402,Z002570,0,,,,,,,１,東灘区
S280100023400200,鴨子ケ原２丁目,34.7336618673521,135.250231744653,Z002570,0,,,,,,,２,東灘区
S280100023500100,鴨子ケ原３丁目,34.7321081908381,135.248009754172,Z002580,0,,,,,,,１,東灘区
S280100023500200,鴨子ケ原３丁目,34.7321602674904,135.247975033873,Z002580,0,,,,,,,２,東灘区
S280100023600100,甲南医療センター前,34.7295651352103,135.251134536999,Z002590,0,,,,,,,１,東灘区
S280100023600200,甲南医療センター前,34.7296345727189,135.251203973767,Z002590,0,,,,,,,２,東灘区
S280100023700100,甲南医療センター下,34.7303463234031,135.25290519699,Z002600,0,,,,,,,１,東灘区
S280100023700200,甲南医療センター下,34.7303810444398,135.253078792051,Z002600,0,,,,,,,２,東灘区
S280100023800100,住吉山手４丁目,34.7285930668688,135.253807937956,Z002610,0,,,,,,,１,東灘区
S280100023900900,西神中央駅前,34.7190767194068,135.016814497129,Z002630,0,,,,,,,Ａ,西区
S280100023901000,西神中央駅前,34.7188076568579,135.017126973962,Z002630,0,,,,,,,Ｂ,西区
S280100023901100,西神中央駅前,34.7186774639255,135.017161695155,Z002630,0,,,,,,,Ｃ,西区
S280100023901200,西神中央駅前,34.718495193658,135.017196417149,Z002630,0,,,,,,,Ｄ,西区
S280100023901300,西神中央駅前,34.7180872553562,135.017265861801,Z002630,0,,,,,,,Ｆ,西区
S280100023900800,西神中央駅前,34.7185559442735,135.016675628422,Z002630,0,,,,,,,,西区
S280100024000100,美賀多台２丁目,34.7172278929937,135.010391476917,Z002640,0,,,,,,,１,西区
S280100024000200,美賀多台２丁目,34.7174448854873,135.01063450774,Z002640,0,,,,,,,２,西区
S280100024100100,美賀多台３丁目,34.7146239805506,135.006572406017,Z002650,0,,,,,,,１,西区
S280100024100200,美賀多台３丁目,34.7156047844585,135.007648686044,Z002650,0,,,,,,,２,西区
S280100024200100,美賀多台４丁目,34.7128446410757,135.004419842489,Z002660,0,,,,,,,１,西区
S280100024200200,美賀多台４丁目,34.7137907283787,135.005461404263,Z002660,0,,,,,,,２,西区
S280100024300100,春日台２丁目,34.7107615115179,135.00188537231,Z002670,0,,,,,,,１,西区
S280100024300200,春日台２丁目,34.7119419488806,135.003204683747,Z002670,0,,,,,,,２,西区
S280100024400100,春日台３丁目,34.7086957474385,134.999455061649,Z002680,0,,,,,,,１,西区
S280100024400200,春日台３丁目,34.708496114228,134.999177311335,Z002680,0,,,,,,,２,西区
S280100024500100,かすがプラザ,34.7053193714613,134.997371966585,Z002690,0,,,,,,,１,西区
S280100024500200,かすがプラザ,34.7063175250956,134.997649703195,Z002690,0,,,,,,,２,西区
S280100024500300,かすがプラザ,34.706022413245,134.996469257883,Z002690,0,,,,,,,３,西区
S280100024600100,春日台４丁目,34.7036442103349,134.996260983607,Z002700,0,,,,,,,１,西区
S280100024600200,春日台４丁目,34.7042951796186,134.996816478103,Z002700,0,,,,,,,２,西区
S280100024600300,春日台４丁目,34.7034706213824,134.997128963974,Z002700,0,,,,,,,３,西区
S280100024700100,春日台６丁目,34.7035834465982,134.993865366956,Z002710,0,,,,,,,１,西区
S280100024700200,春日台６丁目,34.7034358922117,134.99330986387,Z002710,0,,,,,,,２,西区
S280100024800100,西体育館口,34.7031494598612,134.991226722418,Z002720,0,,,,,,,１,西区
S280100024800200,西体育館口,34.7032536139247,134.990844810973,Z002720,0,,,,,,,２,西区
S280100024900100,西体育館,34.7024377244928,134.988483922785,Z002730,0,,,,,,,１,西区
S280100024900200,西体育館,34.7023769669641,134.988379766265,Z002730,0,,,,,,,２番おりば,西区
S280100025000100,美賀多台公園,34.7211597532188,135.011085797538,Z002740,0,,,,,,,１,西区
S280100025000200,美賀多台公園,34.7220016853809,135.012127359471,Z002740,0,,,,,,,２,西区
S280100025100100,美賀多台７丁目,34.7195800427381,135.008516603127,Z002750,0,,,,,,,１,西区
S280100025100200,美賀多台７丁目,34.7197189172944,135.00869019688,Z002750,0,,,,,,,２,西区
S280100025200100,みかたプラザ,34.71793089774,135.005461339898,Z002760,0,,,,,,,１,西区
S280100025200200,みかたプラザ,34.7177139041913,135.005009993692,Z002760,0,,,,,,,２,西区
S280100025300100,美賀多台５丁目,34.7159606074397,135.003065745399,Z002770,0,,,,,,,１,西区
S280100025300200,美賀多台５丁目,34.7153530299037,135.002544966588,Z002770,0,,,,,,,２,西区
S280100025400100,春日台公園,34.7116033866799,134.998031525067,Z002780,0,,,,,,,１,西区
S280100025400200,春日台公園,34.7122630500992,134.999073091869,Z002780,0,,,,,,,２,西区
S280100025500100,春日台小学校,34.7088779920492,134.996538647654,Z002790,0,,,,,,,１,西区
S280100025500200,春日台小学校,34.7083919357364,134.996295622311,Z002790,0,,,,,,,２,西区
S280100025600100,樫野台２丁目,34.703201592809,135.000392571279,Z002800,0,,,,,,,１,西区
S280100025600200,樫野台２丁目,34.7038004941953,135.001329979397,Z002800,0,,,,,,,２,西区
S280100025700100,樫野台小学校,34.7049462107174,135.002510412989,Z002810,0,,,,,,,１,西区
S280100025700200,樫野台小学校,34.7059009720964,135.003308938893,Z002810,0,,,,,,,２,西区
S280100025800100,樫野台３丁目,34.7069251726316,135.004350498278,Z002820,0,,,,,,,１,西区
S280100025800200,樫野台３丁目,34.7076108648479,135.004940713707,Z002820,0,,,,,,,２,西区
S280100025900100,樫野台６丁目,34.7094596169814,135.005426753133,Z002830,0,,,,,,,１,西区
S280100025900200,樫野台６丁目,34.7094162168139,135.00521843856,Z002830,0,,,,,,,２,西区
S280100026000100,竹の台公園,34.7107528902509,135.007093254971,Z002840,0,,,,,,,１,西区
S280100026000200,竹の台公園,34.7106660927097,135.00691966025,Z002840,0,,,,,,,２,西区
S280100026100100,西神中学校,34.7135303949752,135.010565131715,Z002850,0,,,,,,,１,西区
S280100026100200,西神中学校,34.7134696345371,135.010322098479,Z002850,0,,,,,,,２,西区
S280100026200100,竹の台５丁目,34.7149885998671,135.013238485065,Z002860,0,,,,,,,１,西区
S280100026200200,竹の台５丁目,34.7149104800163,135.012960732885,Z002860,0,,,,,,,２,西区
S280100026300100,高塚橋,34.7214288773563,135.016328390791,Z002870,0,,,,,,,１,西区
S280100026300200,高塚橋,34.721385480595,135.01643254907,Z002870,0,,,,,,,２,西区
S280100026400100,高塚公園前,34.7253433954472,135.019591930659,Z002880,0,,,,,,,１,西区
S280100026400200,高塚公園前,34.7253173576763,135.019696088654,Z002880,0,,,,,,,２,西区
S280100026500100,西神工業会館,34.7280427452112,135.020355708722,Z002890,0,,,,,,,１,西区
S280100026500200,西神工業会館,34.7281382211363,135.020459864732,Z002890,0,,,,,,,２,西区
S280100026600100,機械金属団地前,34.7311587214625,135.021709709247,Z002900,0,,,,,,,１,西区
S280100026600200,機械金属団地前,34.7313757147903,135.022265212848,Z002900,0,,,,,,,２,西区
S280100026700100,興亜池公園,34.7319833425672,135.026014872379,Z002910,0,,,,,,,１,西区
S280100026700200,興亜池公園,34.7318705071314,135.02594543583,Z002910,0,,,,,,,２,西区
S280100026800100,興亜池公園北,34.734552476567,135.02483438118,Z002920,0,,,,,,,１,西区
S280100026800200,興亜池公園北,34.7345611576964,135.024938538491,Z002920,0,,,,,,,２,西区
S280100026900100,高塚台１丁目,34.7370000778271,135.02236928434,Z002930,0,,,,,,,１,西区
S280100026900200,高塚台１丁目,34.7370695238975,135.023028947008,Z002930,0,,,,,,,２,西区
S280100027000100,高塚台２丁目,34.7340576886168,135.020043144285,Z002940,0,,,,,,,１,西区
S280100027000200,高塚台２丁目,34.7345003476102,135.020147295087,Z002940,0,,,,,,,２,西区
S280100027100100,食品団地前,34.7297265634547,135.017647586262,Z002950,0,,,,,,,１,西区
S280100027100200,食品団地前,34.7308462264902,135.017230939143,Z002950,0,,,,,,,２,西区
S280100027200100,興亜池公園南,34.7303255747334,135.027889732945,Z002960,0,,,,,,,１,西区
S280100027200200,興亜池公園南,34.7300391491237,135.027889737462,Z002960,0,,,,,,,２,西区
S280100027300100,高塚台４丁目,34.7290063179546,135.030215937746,Z002970,0,,,,,,,１,西区
S280100027300200,高塚台４丁目,34.7289455582714,135.030042342894,Z002970,0,,,,,,,２,西区
S280100027400100,狩場台５丁目,34.726471879291,135.029556313686,Z002980,0,,,,,,,１,西区
S280100027400200,狩場台５丁目,34.7263590503103,135.029868787914,Z002980,0,,,,,,,２,西区
S280100027500100,狩場台小学校前,34.7243801501397,135.032021406709,Z002990,0,,,,,,,１,西区
S280100027500200,狩場台小学校前,34.7246318516545,135.031708930384,Z002990,0,,,,,,,２,西区
S280100027600100,狩場台１丁目,34.7211861193498,135.034382358427,Z003000,0,,,,,,,１,西区
S280100027600200,狩場台１丁目,34.7217068933526,135.03448650786,Z003000,0,,,,,,,２,西区
S280100027700100,かりばプラザ,34.7197105520028,135.031709007313,Z003010,0,,,,,,,１,西区
S280100027700200,かりばプラザ,34.7199015068235,135.031986757304,Z003010,0,,,,,,,２,西区
S280100027800100,糀台公園,34.720604441498,135.025633142761,Z003020,0,,,,,,,１,西区
S280100027800200,糀台公園,34.7206825621477,135.025910894669,Z003020,0,,,,,,,２,西区
S280100027900100,西神中央駅東口,34.7191375227614,135.020737764393,Z003030,0,,,,,,,１,西区
S280100027900200,西神中央駅東口,34.7190767638877,135.020564169375,Z003030,0,,,,,,,２,西区
S280100028000100,西神戸医療センター前,34.7163687309472,135.019418477426,Z003040,0,,,,,,,１,西区
S280100028000200,西神戸医療センター前,34.7164815646412,135.019383756528,Z003040,0,,,,,,,２,西区
S280100028100100,狩場台３丁目,34.720691303081,135.029521685664,Z003050,0,,,,,,,１,西区
S280100028200100,三宮ＢＴ,34.6944552882191,135.195619150509,Z003060,0,,,,,,,４［ミント神戸１Ｆ］,中央区
S280100028300100,ビーナスブリッジ,34.6982046883064,135.179856508813,Z003090,0,,,,,,,１,中央区
S280100028300200,ビーナスブリッジ,34.6980310986005,135.17992594959,Z003090,0,,,,,,,２,中央区
S280100028400100,二本松,34.7091843674767,135.183119965589,Z003100,0,,,,,,,１,中央区
S280100028400200,二本松,34.7088805835451,135.183258849485,Z003100,0,,,,,,,２,中央区
S280100028500100,大竜寺,34.7161453551827,135.180064528694,Z003110,0,,,,,,,１,中央区
S280100028500200,大竜寺,34.7162755500557,135.180133964613,Z003110,0,,,,,,,２,中央区
S280100028600100,再度公園,34.7235663432409,135.176279988105,Z003120,0,,,,,,,１,北区
S280100028600200,再度公園,34.7238788148318,135.176592453593,Z003120,0,,,,,,,２,北区
S280100028700100,学習の森前,34.7278453861779,135.176036859903,Z003130,0,,,,,,,１,北区
S280100028700200,学習の森前,34.7273680102239,135.176175747011,Z003130,0,,,,,,,２,北区
S280100028800100,森林植物園西口,34.7335130686359,135.173259239718,Z003140,0,,,,,,,１,北区
S280100028800200,森林植物園西口,34.7337474090377,135.172946764475,Z003140,0,,,,,,,２,北区
S280100028900100,五辻,34.7381305537707,135.172217592252,Z003150,0,,,,,,,１,北区
S280100028900200,五辻,34.7381913129515,135.172321748263,Z003150,0,,,,,,,２,北区
S280100029000100,森林植物園前,34.741828148609,135.177078195581,Z003160,0,,,,,,,１,北区
S280100029000200,森林植物園前,34.7424010019014,135.177251781035,Z003160,0,,,,,,,２番おりば,北区
S280100029100200,長峰中学校下,34.7220829549875,135.224400837051,Z003190,0,,,,,,,２,灘区
S280100029200200,神戸海星病院前,34.7233588789286,135.226414537506,Z003180,0,,,,,,,２,灘区
S280100029300200,篠原北町３丁目,34.7244698915035,135.228567118984,Z003170,0,,,,,,,２,灘区
S280100029400100,六甲台南口,34.7249212737544,135.232108493329,Z003200,0,,,,,,,１,灘区
S280100029400200,六甲台南口,34.7246956012854,135.231796023414,Z003200,0,,,,,,,２,灘区
S280100029400300,六甲台南口,34.7258326294445,135.232282069581,Z003200,0,,,,,,,３,灘区
S280100029500100,六甲台西,34.7281934661054,135.232038978991,Z003210,0,,,,,,,１,灘区
S280100029500200,六甲台西,34.7282542221647,135.23196953872,Z003210,0,,,,,,,２,灘区
S280100029600100,炭山橋,34.7311011056497,135.231795882689,Z003220,0,,,,,,,１,灘区
S280100029600200,炭山橋,34.7316826335953,135.231761151369,Z003220,0,,,,,,,２,灘区
S280100029700100,昭生病院前,34.7332883453388,135.231691679775,Z003230,0,,,,,,,１,灘区
S280100029700200,昭生病院前,34.7332709851955,135.231622241643,Z003230,0,,,,,,,２,灘区
S280100029800100,新生田川,34.6961218338358,135.201694996818,Z000340,0,,,,,,,１,中央区
S280100029800200,新生田川,34.6953753982996,135.202701876588,Z000340,0,,,,,,,２,中央区
S280100029900100,脇の浜住宅西,34.6941255796317,135.206521029576,Z000320,0,,,,,,,１,中央区
S280100029900200,脇の浜住宅西,34.6943599277077,135.20648630606,Z000320,0,,,,,,,２,中央区
S280100030000100,脇の浜住宅中央,34.6950456274323,135.207701469369,Z000310,0,,,,,,,１,中央区
S280100030000200,脇の浜住宅中央,34.6953580946068,135.207875057459,Z000310,0,,,,,,,２,中央区
S280100030100100,脇の浜住宅東,34.695983039458,135.20922909398,Z000300,0,,,,,,,１,中央区
S280100030100200,脇の浜住宅東,34.6963389043655,135.209402680672,Z000300,0,,,,,,,２,中央区
S280100030200100,日赤病院前,34.6970766948014,135.21106919323,Z000150,0,,,,,,,１,中央区
S280100030200200,日赤病院前,34.6977450386472,135.211971880931,Z000150,0,,,,,,,２,中央区
S280100030300100,人と防災未来センター,34.698647766054,135.21481885306,Z000140,0,,,,,,,１,中央区
S280100030300200,人と防災未来センター,34.6985696363596,135.214055026702,Z000140,0,,,,,,,２,中央区
S280100030400100,県立美術館前,34.6992727267921,135.216450651555,Z000130,0,,,,,,,１,中央区
S280100030400200,県立美術館前,34.6997587978156,135.217145028032,Z000130,0,,,,,,,２,中央区
S280100030500100,灘の浜西,34.7002796079102,135.218950427182,Z000160,0,,,,,,,１,灘区
S280100030500200,灘の浜西,34.7005486808676,135.219193456384,Z000160,0,,,,,,,２,灘区
S280100030600100,灘の浜東,34.7010434714562,135.221971002237,Z000170,0,,,,,,,１,灘区
S280100030600200,灘の浜東,34.7011823405565,135.221693242664,Z000170,0,,,,,,,２,灘区
S280100030700100,摩耶埠頭東,34.6967385170659,135.231241212216,Z003250,0,,,,,,,１,灘区
S280100030800100,摩耶埠頭,34.696755802971,135.22665824273,Z003260,0,,,,,,,１,灘区
S280100030800200,摩耶埠頭,34.6966169335813,135.226970721445,Z003260,0,,,,,,,２,灘区
S280100030900100,摩耶大橋,34.6961915443547,135.22155449653,Z003270,0,,,,,,,１,灘区
S280100030900200,摩耶大橋,34.6960960821576,135.222422485646,Z003270,0,,,,,,,２,灘区
S280100031000100,第八突堤,34.6926153950654,135.211485929708,Z003280,0,,,,,,,１,中央区
S280100031000200,第八突堤,34.6923636858443,135.211381776022,Z003280,0,,,,,,,２,中央区
S280100031100100,第六突堤,34.6907752830261,135.208187619221,Z003290,0,,,,,,,１,中央区
S280100031100200,第六突堤,34.6906711293088,135.208291779249,Z003290,0,,,,,,,２,中央区
S280100031200100,第五突堤,34.6885619464602,135.204056051607,Z000330,0,,,,,,,１,中央区
S280100031200200,第五突堤,34.6886747878235,135.204680998765,Z000330,0,,,,,,,２,中央区
S280100031300100,三井桟橋,34.6860187993542,135.201243824902,Z003300,0,,,,,,,１,中央区
S280100031300200,三井桟橋,34.6860188039836,135.201660457901,Z003300,0,,,,,,,２,中央区
S280100031400100,税関前,34.6849338224934,135.198674610404,Z003310,0,,,,,,,１,中央区
S280100031400200,税関前,34.6848904222527,135.19846629476,Z003310,0,,,,,,,２,中央区
S280100031500100,東遊園地前,34.6875376851745,135.197598259918,Z003320,0,,,,,,,１,中央区
S280100031500200,東遊園地前,34.6870169106903,135.197598267952,Z003320,0,,,,,,,２,中央区
S280100031600100,ＪＲ甲南山手,34.7309023530415,135.291721113134,Z003370,0,,,,,,,１,東灘区
S280100031600200,ＪＲ甲南山手,34.7307808401032,135.291790553977,Z003370,0,,,,,,,２,東灘区
S280100031600300,ＪＲ甲南山手,34.7310412315581,135.292103019637,Z003370,0,,,,,,,３,東灘区
S280100031700100,ＪＲ本山駅前,34.7274042932524,135.276548986031,Z003380,0,,,,,,,１,東灘区
S280100031700200,ＪＲ本山駅前,34.7272654189971,135.276514271455,Z003380,0,,,,,,,２,東灘区
S280100031800100,本山第一小学校前,34.7283677791154,135.28068051393,Z003390,0,,,,,,,１,東灘区
S280100031800200,本山第一小学校前,34.7283591050063,135.281131860689,Z003390,0,,,,,,,２,東灘区
S280100031900100,本山北町１丁目,34.7290448207519,135.283805207261,Z003400,0,,,,,,,１,東灘区
S280100031900200,本山北町１丁目,34.7289753928231,135.284499588153,Z003400,0,,,,,,,２,東灘区
S280100031900300,本山北町１丁目,34.7291837013548,135.284464864996,Z003400,0,,,,,,,３,東灘区
S280100032000100,森,34.7271006734471,135.290124125514,Z003410,0,,,,,,,１,東灘区
S280100032000200,森,34.7270485947424,135.290054688725,Z003410,0,,,,,,,２,東灘区
S280100032100100,阪神深江,34.7221967101829,135.292346282215,Z003420,0,,,,,,,１,東灘区
S280100032100200,阪神深江,34.7222401065264,135.292207404511,Z003420,0,,,,,,,２,東灘区
S280100032200100,深江,34.7204347584259,135.293387904737,Z003430,0,,,,,,,１,東灘区
S280100032300100,東部市場前,34.7145760331158,135.296894718589,Z003440,0,,,神戸市,,,,１,東灘区
S280100032300200,東部市場前,34.7146715051117,135.29654752457,Z003440,0,,,神戸市,,,,２,東灘区
S280100032400100,東部市場南,34.7122499017207,135.298283557072,Z003450,0,,,,,,,１,東灘区
S280100032400200,東部市場南,34.713326167761,135.297380825166,Z003450,0,,,,,,,２,東灘区
S280100032500100,東灘高校前,34.7095071510341,135.300019600414,Z003460,0,,,,,,,１,東灘区
S280100032500200,東灘高校前,34.7094637491671,135.299741848261,Z003460,0,,,,,,,２,東灘区
S280100032600100,深江浜町,34.7082833238634,135.300470987589,Z003470,0,,,,,,,１,東灘区
S280100032700100,深江浜町西,34.7102882540714,135.294672828877,Z003480,0,,,,,,,１,東灘区
S280100032800100,森北町２丁目,34.7302860650421,135.288943601739,Z003490,0,,,,,,,１,東灘区
S280100032800200,森北町２丁目,34.7299041554852,135.288283947611,Z003490,0,,,,,,,２,東灘区
S280100032900100,岡本２丁目,34.7265449694201,135.272938244675,Z003500,0,,,,,,,１,東灘区
S280100032900200,岡本２丁目,34.7264408157345,135.273077123898,Z003500,0,,,,,,,２,東灘区
S280100033000100,岡本水道路,34.7277514204719,135.271827195546,Z003510,0,,,,,,,１,東灘区
S280100033000200,岡本水道路,34.727794820074,135.2719313514,Z003510,0,,,,,,,２,東灘区
S280100033100100,岡本７丁目,34.7298518585977,135.270924443009,Z003520,0,,,,,,,１,東灘区
S280100033100200,岡本７丁目,34.729817141952,135.271028601194,Z003520,0,,,,,,,２,東灘区
S280100033200100,岡本９丁目,34.7296781775062,135.264675006744,Z003530,0,,,,,,,１,東灘区
S280100033200200,岡本９丁目,34.729860467255,135.265994328478,Z003530,0,,,,,,,２,東灘区
S280100033200300,岡本９丁目,34.7295479936686,135.265334673199,Z003530,0,,,,,,,３,東灘区
S280100033300100,新落合橋,34.7285758317012,135.261897506243,Z003540,0,,,,,,,１,東灘区
S280100033300200,新落合橋,34.7286539478492,135.261897504216,Z003540,0,,,,,,,２,東灘区
S280100033400100,白鶴美術館前,34.7305026444626,135.258390823063,Z003550,0,,,,,,,１,東灘区
S280100033400200,白鶴美術館前,34.730259617454,135.258460267706,Z003550,0,,,,,,,２,東灘区
S280100033500100,赤塚橋,34.7359707184992,135.255196523988,Z003560,0,,,,,,,１,東灘区
S280100033500200,赤塚橋,34.7353805257711,135.2561686737,Z003560,0,,,,,,,２,東灘区
S280100033600100,渦森橋,34.7396855304476,135.253356333216,Z003570,0,,,,,,,１,東灘区
S280100033600200,渦森橋,34.7397636603953,135.254085432099,Z003570,0,,,,,,,２,東灘区
S280100033700100,渦森台２丁目,34.7358751538979,135.250335851482,Z003580,0,,,,,,,１,東灘区
S280100033700200,渦森台２丁目,34.7363264961935,135.250648313072,Z003580,0,,,,,,,２,東灘区
S280100033800100,渦森台３丁目,34.7383748367936,135.249016474797,Z002620,0,,,,,,,１,東灘区
S280100033800200,渦森台３丁目,34.7383401206253,135.249120632718,Z002620,0,,,,,,,２,東灘区
S280100033900100,渦森台４丁目,34.7398156118101,135.247558245835,Z003590,0,,,,,,,１,東灘区
S280100033900200,渦森台４丁目,34.7396680516672,135.247141619558,Z003590,0,,,,,,,２,東灘区
S280100034000100,渦森台,34.7390604547192,135.245579266677,Z003600,0,,,,,,,１,東灘区
S280100034200100,天神山,34.7242357615122,135.243704756439,Z003630,0,,,,,,,１,東灘区
S280100034300100,御影山手,34.7255811407957,135.246551700849,Z003640,0,,,,,,,１,東灘区
S280100034400100,公園前,34.7284887994328,135.246551626708,Z003650,0,,,東灘区,,,,１,東灘区
S280100034500100,宮谷通,34.727369099848,135.24443378131,Z003660,0,,,,,,,１,東灘区
S280100034600100,山手大通,34.7248520385133,135.245440703569,Z003670,0,,,,,,,１,東灘区
S280100034700100,西岡本４丁目,34.7271611231083,135.266237436805,Z003620,0,,,,,,,１,東灘区
S280100034700200,西岡本４丁目,34.7274562259657,135.26599439374,Z003620,0,,,,,,,２,東灘区
S280100034800100,西岡本３丁目,34.7251908655634,135.267070758271,Z003610,0,,,,,,,１,東灘区
S280100034800200,西岡本３丁目,34.7253991900809,135.268008168839,Z003610,0,,,,,,,,東灘区
S280100035000100,水道橋,34.7233854661814,135.264258561132,Z004190,0,,,東灘区,,,,１,東灘区
S280100035000200,水道橋,34.7237152859179,135.263911359297,Z004190,0,,,東灘区,,,,２,東灘区
S280100035100100,東灘区役所前,34.71997440935,135.266098784734,Z003840,0,,,,,,,１,東灘区
S280100035100200,東灘区役所前,34.7197834467477,135.265369685711,Z003840,0,,,,,,,２,東灘区
S280100035200100,ＪＲ住吉駅前,34.7182991739665,135.261620046497,Z003850,0,,,,,,,１,東灘区
S280100035200200,ＪＲ住吉駅前,34.7183772867391,135.261342290502,Z003850,0,,,,,,,２,東灘区
S280100035300100,東灘警察署前,34.7171360130313,135.255092859828,Z004090,0,,,,,,,１,東灘区
S280100035300200,東灘警察署前,34.7174658474182,135.255717797338,Z004090,0,,,,,,,２,東灘区
S280100035300300,東灘警察署前,34.7174224592528,135.256446902807,Z004090,0,,,,,,,３,東灘区
S280100035400100,阪神住吉,34.7129351632283,135.262002101478,Z004080,0,,,,,,,１,東灘区
S280100035400200,阪神住吉,34.7129698711037,135.261168840057,Z004080,0,,,,,,,２,東灘区
S280100035500100,阪神御影南口,34.7144540248312,135.256342826214,Z004070,0,,,,,,,１,東灘区
S280100035600100,甲南市場前,34.721771201447,135.274500752999,Z003680,0,,,,,,,１,東灘区
S280100035600200,甲南市場前,34.721805920981,135.27460490831,Z003680,0,,,,,,,２,東灘区
S280100035700100,魚崎北町１丁目,34.7175268775804,135.276375692678,Z003690,0,,,,,,,１,東灘区
S280100035700200,魚崎北町１丁目,34.7178740638853,135.276375683226,Z003690,0,,,,,,,２,東灘区
S280100035800100,魚崎中町１丁目,34.7155045275373,135.277347876702,Z003700,0,,,,,,,１,東灘区
S280100035800200,魚崎中町１丁目,34.7155305675983,135.277452032646,Z003700,0,,,,,,,２,東灘区
S280100035900100,魚崎中学校前,34.7122149586895,135.27929223161,Z003710,0,,,,,,,１,東灘区
S280100035900200,魚崎中学校前,34.7123798725082,135.279326945724,Z003710,0,,,,,,,２,東灘区
S280100036000100,魚崎車庫前,34.7079793037671,135.280333912791,Z003720,0,,,,,,,１,東灘区
S280100036000300,魚崎車庫前,34.7085000889968,135.280958842069,Z003720,0,,,,,,,３,東灘区
S280100036000400,魚崎車庫前,34.7088646343492,135.280993551645,Z003720,0,,,,,,,４,東灘区
S280100036000200,魚崎車庫前,34.7081268587978,135.280438066124,Z003720,0,,,,,,,２番おりば,東灘区
S280100036100100,魚崎浜町北,34.7084740911064,135.284777936987,Z003730,0,,,,,,,１,東灘区
S280100036200100,魚崎浜町東,34.7057573723549,135.285645989579,Z003740,0,,,,,,,１,東灘区
S280100036300100,魚崎浜町南,34.7054709150923,135.282972627069,Z003750,0,,,,,,,１,東灘区
S280100036400100,魚崎浜町西,34.7051757786448,135.280264546698,Z003760,0,,,,,,,１,東灘区
S280100036500100,魚崎大橋,34.7069290360296,135.277417538971,Z003770,0,,,,,,,１,東灘区
S280100036600100,魚崎南町２丁目,34.7116681351389,135.278806181805,Z003780,0,,,,,,,１,東灘区
S280100036600200,魚崎南町２丁目,34.7108001520231,135.277070253611,Z003780,0,,,,,,,２,東灘区
S280100036700100,甲南町４丁目,34.719887665608,135.269674870184,Z003830,0,,,,,,,１,東灘区
S280100036700200,甲南町４丁目,34.720521273361,135.269431814777,Z003830,0,,,,,,,２,東灘区
S280100036800100,魚崎北町７丁目,34.7180215509602,135.270473458622,Z003820,0,,,,,,,１,東灘区
S280100036800200,魚崎北町７丁目,34.7179521146825,135.270542898788,Z003820,0,,,,,,,２,東灘区
S280100036900100,魚崎小学校前,34.7142025270694,135.272452544479,Z003810,0,,,,,,,１,東灘区
S280100036900200,魚崎小学校前,34.7146017903863,135.272348378072,Z003810,0,,,,,,,２,東灘区
S280100037000100,魚崎寺前,34.7126228343355,135.272973367228,Z003800,0,,,,,,,１,東灘区
S280100037100100,魚崎八幡宮前,34.7112948507434,135.273320589425,Z004040,0,,,,,,,１,東灘区
S280100037200100,魚崎南町３丁目,34.7096630823918,135.273667817311,Z003790,0,,,,,,,１,東灘区
S280100037200200,魚崎南町３丁目,34.7096544035021,135.273737255557,Z003790,0,,,,,,,２,東灘区
S280100037300100,神大文理農学部前,34.7266138061043,135.233636110121,Z004100,0,,,,,,,１,灘区
S280100037300200,神大文理農学部前,34.726544369673,135.233636111733,Z004100,0,,,,,,,２,灘区
S280100037400100,神大本部工学部前,34.7272561219722,135.235684536703,Z004110,0,,,,,,,１,灘区
S280100037400200,神大本部工学部前,34.7272995208804,135.235753974153,Z004110,0,,,,,,,２,灘区
S280100037500100,神大正門前,34.7271606255341,135.234261047494,Z004120,0,,,,,,,１,灘区
S280100037500200,神大正門前,34.7272127032668,135.234295765729,Z004120,0,,,,,,,２,灘区
S280100037600100,六甲団地前,34.7274643986451,135.233323615344,Z004130,0,,,,,,,１,灘区
S280100037600200,六甲団地前,34.727655348847,135.233323610916,Z004130,0,,,,,,,２,灘区
S280100037700100,六甲台,34.7295995609115,135.232872214811,Z004140,0,,,,,,,１,灘区
S280100037700200,六甲台,34.7296082413377,135.232941653402,Z004140,0,,,,,,,２,灘区
S280100037800100,六甲台北,34.732420421651,135.233635977173,Z004150,0,,,,,,,１,灘区
S280100037800200,六甲台北,34.731239991312,135.232733301598,Z004150,0,,,,,,,２,灘区
S280100037900100,神大人間発達環境学研究科前,34.7333404777832,135.235198322372,Z004160,0,,,,,,,１,灘区
S280100037900200,神大人間発達環境学研究科前,34.732863092104,135.234538667866,Z004160,0,,,,,,,２,灘区
S280100038000100,鶴甲３丁目,34.7346597624416,135.234781659581,Z004170,0,,,,,,,１,灘区
S280100038100100,鶴甲団地,34.7359790885,135.236968942483,Z004180,0,,,,,,,１,灘区
S280100038200100,東灘本庄町,34.7268142824098,135.292936380262,Z004060,0,,,,,,,１,東灘区
S280100038200200,東灘本庄町,34.7269618343435,135.292797499807,Z004060,0,,,,,,,２,東灘区
S280100038300100,東灘小学校前,34.7245228739792,135.294047454992,Z004050,0,,,,,,,１,東灘区
S280100038300200,東灘小学校前,34.7248613764638,135.293804411821,Z004050,0,,,,,,,２,東灘区
S280100038400100,深江南町３丁目,34.7211291635886,135.296026539861,Z003990,0,,,,,,,１,東灘区
S280100038500100,深江見附,34.7210076723436,135.297727781335,Z004000,0,,,,,,,１,東灘区
S280100038600100,深江南町２丁目,34.7224051255196,135.299776172461,Z004010,0,,,,,,,１,東灘区
S280100038700100,白鴎橋,34.7228649950458,135.288770194077,Z003980,0,,,,,,,１,東灘区
S280100038700200,白鴎橋,34.7228910321243,135.288631316884,Z003980,0,,,,,,,２,東灘区
S280100038800100,深田,34.721328641137,135.284152595584,Z003970,0,,,,,,,１,東灘区
S280100038800200,深田,34.7218233954873,135.285437185367,Z003970,0,,,,,,,２,東灘区
S280100038900100,北青木,34.7203912103859,135.281132086076,Z003960,0,,,,,,,１,東灘区
S280100038900200,北青木,34.7207210446346,135.281965327719,Z003960,0,,,,,,,２,東灘区
S280100039000100,剱,34.7189937428753,135.276688121924,Z003950,0,,,,,,,１,東灘区
S280100039000200,剱,34.7189069413871,135.276202061104,Z003950,0,,,,,,,２,東灘区
S280100039100100,川井公園,34.7181083898596,135.273945359325,Z003940,0,,,,,,,１,東灘区
S280100039100200,川井公園,34.71806498731,135.27352873455,Z003940,0,,,,,,,２,東灘区
S280100039200100,新反高橋,34.7171882665802,135.267800098586,Z003930,0,,,,,,,１,東灘区
S280100039200200,新反高橋,34.717240350301,135.268216727995,Z003930,0,,,,,,,２,東灘区
S280100039300100,ＪＲ住吉駅北口,34.7202173587215,135.260682574738,Z003860,0,,,,,,,１,東灘区
S280100039300200,ＪＲ住吉駅北口,34.7202086801401,135.260752013479,Z003860,0,,,,,,,２,東灘区
S280100039400100,住吉本町３丁目,34.7240103278315,135.259571452812,Z003870,0,,,,,,,１,東灘区
S280100039500100,住吉中学校南,34.7248001452887,135.257800750289,Z003880,0,,,,,,,１,東灘区
S280100039600100,住吉本町,34.7224306095634,135.257418904244,Z003920,0,,,,,,,１,東灘区
S280100039700100,地蔵元,34.7217361876683,135.253634526102,Z003910,0,,,,,,,１,東灘区
S280100039800100,滝ケ鼻,34.7214410191934,135.249259909445,Z003900,0,,,,,,,１,東灘区
S280100039900100,御影上ノ山,34.7236456264848,135.248739062996,Z003890,0,,,,,,,１,東灘区
S280100040000100,観音橋,34.7264059319231,135.261862849192,Z004200,0,,,,,,,１,東灘区
S280100040000200,観音橋,34.7265447966814,135.261272619869,Z004200,0,,,,,,,２,東灘区
S280100040100100,住吉宮町,34.7156692604193,135.262835289489,Z004030,0,,,,,,,１,東灘区
S280100040100200,住吉宮町,34.7158341853594,135.263703265462,Z004030,0,,,,,,,２,東灘区
S280100040200100,堂の前,34.7201738752221,135.254641426544,Z004210,0,,,,,,,１,東灘区
S280100040200200,堂の前,34.7198353722332,135.254745593507,Z004210,0,,,,,,,２,東灘区
S280100040300100,御影水道路,34.7213629760798,135.254398359537,Z004220,0,,,,,,,１,東灘区
S280100040300200,御影水道路,34.7211720265087,135.254502522451,Z004220,0,,,,,,,２,東灘区
S280100040400200,住吉東町,34.7161032679967,135.264710115662,Z004020,0,,,,,,,２,東灘区
S280100040500100,西神南駅前,34.6995045225734,135.031049712469,Z004530,0,,,,,,,１,西区
S280100040500200,西神南駅前,34.6996086815034,135.031292744975,Z004530,0,,,,,,,２,西区
S280100040600100,井吹台東町１丁目,34.7022733932314,135.036292261206,Z004540,0,,,,,,,１,西区
S280100040600200,井吹台東町１丁目,34.702221317298,135.036361700382,Z004540,0,,,,,,,２,西区
S280100040700100,井吹台東町６丁目,34.7046603932703,135.0425416611,Z004550,0,,,,,,,１,西区
S280100040700200,井吹台東町６丁目,34.7043392468529,135.042402790836,Z004550,0,,,,,,,２,西区
S280100040800100,井吹台東町７丁目,34.7071687933627,135.042923522594,Z004560,0,,,,,,,１,西区
S280100040800200,井吹台東町７丁目,34.707186151832,135.042888803101,Z004560,0,,,,,,,２,西区
S280100040900100,サイエンスパーク,34.7079326339215,135.045041376245,Z004570,0,,,,,,,１,西区
S280100041000100,サイエンスパーク南,34.7063789882009,135.044763652992,Z004580,0,,,,,,,１,西区
S280100041100100,いぶき東フレア,34.7037837401193,135.041638980709,Z004590,0,,,,,,,１,西区
S280100041100200,いぶき東フレア,34.7037229825096,135.041604262771,Z004590,0,,,,,,,２,西区
S280100041900100,井吹台北町４丁目,34.7057712468842,135.035701967329,Z004600,0,,,,,,,１,西区
S280100041900200,井吹台北町４丁目,34.7057191701068,135.035736687545,Z004600,0,,,,,,,２,西区
S280100042000100,井吹台東町５丁目,34.7099288479966,135.040423688612,Z004610,0,,,,,,,１,西区
S280100042000200,井吹台東町５丁目,34.7091650215639,135.039069656453,Z004610,0,,,,,,,２,西区
S280100042100100,団地口,34.7018655678723,135.042090364912,Z004620,0,,,西区,,,,１,西区
S280100042100200,団地口,34.7019263233543,135.042020925537,Z004620,0,,,西区,,,,２,西区
S280100042200100,ハイテク１番,34.6993833272149,135.047784351421,Z004630,0,,,,,,,１,西区
S280100042300100,ハイテク２番,34.7003207925216,135.052054794896,Z004640,0,,,,,,,１,西区
S280100042400100,ハイテク３番,34.7031330257471,135.055700258465,Z004650,0,,,,,,,１,西区
S280100042500100,ハイテク４番,34.7052942151776,135.054762798731,Z004660,0,,,,,,,１,西区
S280100042600100,ハイテク５番,34.7048949177955,135.052436620245,Z004670,0,,,,,,,１,西区
S280100042700100,ハイテク６番,34.702568747247,135.049311936597,Z004680,0,,,,,,,１,西区
S280100042800100,ハイテクパーク南,34.7006071331641,135.047194102289,Z004690,0,,,,,,,１,西区
S280100042900100,サイエンスパーク北,34.7088873474467,135.042992927302,Z004700,0,,,,,,,１,西区
S280100042900200,サイエンスパーク北,34.7096337781924,135.042367967735,Z004700,0,,,,,,,２,西区
S280100043000100,竹谷公園,34.6985497169624,135.027994441077,Z004710,0,,,,,,,１,西区
S280100043100100,井吹台谷口公園,34.697456036268,135.02493917358,Z004720,0,,,,,,,１,西区
S280100043200100,井吹台西町４丁目,34.6964578149955,135.020877046718,Z004730,0,,,,,,,１,西区
S280100043300100,井吹台西町５丁目,34.6949735308102,135.015981662648,Z004740,0,,,,,,,１,西区
S280100043400100,井吹台西公園,34.6929425348241,135.017787099258,Z004750,0,,,,,,,１,西区
S280100043500100,井吹台西町６丁目,34.6908247455885,135.019592535695,Z004760,0,,,,,,,１,西区
S280100043600100,いぶき西フレア,34.6910851706567,135.021849280206,Z004770,0,,,,,,,１,西区
S280100043700100,井吹台西町３丁目,34.6947133120254,135.026084957751,Z004780,0,,,,,,,１,西区
S280100043800100,井吹台西町１丁目,34.6974474175548,135.028306933977,Z004790,0,,,,,,,１,西区
S280100043900100,いぶき明生支援学校前,34.6955984196416,135.013204110567,Z004800,0,,,,,,,１,西区
S280100044000100,朝霧駅前,34.6447099670776,135.016815897217,Z004830,0,,,,,,,２,
S280100044000200,朝霧駅前,34.644692613488,135.017093653507,Z004830,0,,,,,,,４,
S280100044000300,朝霧駅前,34.6446231860767,135.017545008357,Z004830,0,,,,,,,５番おりば,
S280100044100100,明舞団地口,34.6490151477448,135.022440356645,Z004840,0,,,,,,,１,
S280100044100200,明舞団地口,34.6486505973724,135.022023731922,Z004840,0,,,,,,,２,垂水区
S280100044200100,狩口台１丁目,34.6515322742662,135.025044251493,Z004850,0,,,,,,,１,
S280100044200200,狩口台１丁目,34.6514801987521,135.025148410773,Z004850,0,,,,,,,２,垂水区
S280100044300100,明舞センター,34.6525912090988,135.026433001276,Z004860,0,,,,,,,１,
S280100044300200,明舞センター,34.6525130941929,135.026502441801,Z004860,0,,,,,,,２,垂水区
S280100044400100,南多聞台７丁目,34.6551604306674,135.029800720275,Z004870,0,,,,,,,１,
S280100044400200,南多聞台７丁目,34.654570211258,135.029418820658,Z004870,0,,,,,,,２,垂水区
S280100044500100,明舞北センター,34.6570005279178,135.031050575457,Z004880,0,,,,,,,１,
S280100044500200,明舞北センター,34.6569484523789,135.031154734662,Z004880,0,,,,,,,２,垂水区
S280100044600100,南多聞台２丁目,34.6556118471575,135.033862873792,Z004890,0,,,,,,,１,垂水区
S280100044600200,南多聞台２丁目,34.6558114764864,135.033793430583,Z004890,0,,,,,,,２,垂水区
S280100044700100,大門橋,34.6531642780076,135.038688914043,Z001480,0,,,,,,,１,垂水区
S280100044700200,大門橋,34.653407310841,135.03896666264,Z001480,0,,,,,,,２,垂水区
S280100044800100,本多聞２丁目,34.6593616140589,135.045007673639,Z004900,0,,,,,,,１,垂水区
S280100044800200,本多聞２丁目,34.6595178526163,135.04535486235,Z004900,0,,,,,,,２,垂水区
S280100044900100,本多聞３丁目,34.661297212329,135.048340673563,Z004910,0,,,,,,,１,垂水区
S280100044900200,本多聞３丁目,34.6607243503579,135.047403268088,Z004910,0,,,,,,,２,垂水区
S280100045000100,垂水警察署前,34.6615836800204,135.053409678108,Z004920,0,,,,,,,１,垂水区
S280100045000200,垂水警察署前,34.6616357520907,135.05268057246,Z004920,0,,,,,,,２,垂水区
S280100045000300,垂水警察署前,34.6604466549102,135.053583303213,Z004920,0,,,,,,,３,垂水区
S280100045000400,垂水警察署前,34.6608285589563,135.053826328348,Z004920,0,,,,,,,４,垂水区
S280100045100100,舞多聞口,34.6649948124849,135.056499611449,Z001400,0,,,,,,,１,垂水区
S280100045100200,舞多聞口,34.6654461611471,135.057159266419,Z001400,0,,,,,,,２,垂水区
S280100045200100,小束山６丁目,34.6692478834982,135.059832556568,Z001390,0,,,,,,,１,垂水区
S280100045200200,小束山６丁目,34.668657663112,135.059624255734,Z001390,0,,,,,,,２,垂水区
S280100045300100,学園都市駅前,34.682493013511,135.058304615635,Z001380,0,,,,,,,１,西区
S280100045300200,学園都市駅前,34.682423573811,135.058061582292,Z001380,0,,,,,,,２,西区
S280100045300300,学園都市駅前,34.6822760193829,135.057992146911,Z001380,0,,,,,,,３,西区
S280100045300400,学園都市駅前,34.6821458249733,135.057992149679,Z001380,0,,,,,,,４,西区
S280100045300500,学園都市駅前,34.682015630941,135.058026871704,Z001380,0,,,,,,,５,西区
S280100045300600,学園都市駅前,34.681824679513,135.058061595019,Z001380,0,,,,,,,６,西区
S280100045300700,学園都市駅前,34.6814861740401,135.058061602212,Z001380,0,,,,,,,７番おりば,西区
S280100045400100,舞子駅前,34.6335483802891,135.033099543452,Z004930,0,,,,,,,１,垂水区
S280100045400200,舞子駅前,34.6334615860341,135.033168984122,Z004930,0,,,,,,,２,垂水区
S280100045400300,舞子駅前,34.6333747924055,135.033273144181,Z004930,0,,,,,,,３,垂水区
S280100045400400,舞子駅前,34.6332966777001,135.03334258466,Z004930,0,,,,,,,４,垂水区
S280100045400500,舞子駅前,34.6332185629941,135.033412025139,Z004930,0,,,,,,,５,垂水区
S280100045400600,舞子駅前,34.6335570661121,135.033446737164,Z004930,0,,,,,,,６番おりば,垂水区
S280100045500100,西舞子２丁目,34.6374975332344,135.030807977908,Z004940,0,,,,,,,１,垂水区
S280100045500200,西舞子２丁目,34.6362650449481,135.031189917391,Z004940,0,,,,,,,２,垂水区
S280100045600100,舞子台８丁目,34.6400927410688,135.032161980072,Z004950,0,,,,,,,１,垂水区
S280100045600200,舞子台８丁目,34.640005938649,135.03178006854,Z004950,0,,,,,,,２,垂水区
S280100045700100,東舞子小学校前,34.639945239144,135.034939534784,Z004960,0,,,,,,,１,垂水区
S280100045700200,東舞子小学校前,34.6399278755651,135.034661780001,Z004960,0,,,,,,,２,垂水区
S280100045800100,舞子台４丁目,34.6394505535663,135.038064290938,Z004970,0,,,,,,,１,垂水区
S280100045800200,舞子台４丁目,34.6395807268197,135.036779670448,Z004970,0,,,,,,,２,垂水区
S280100045900100,舞子台３丁目,34.6396241809342,135.040425206051,Z004980,0,,,,,,,１,垂水区
S280100045900200,舞子台３丁目,34.6395460747316,135.041050156931,Z004980,0,,,,,,,２,垂水区
S280100046000100,学園正門前,34.638877790932,135.043688846521,Z004990,0,,,,,,,１,垂水区
S280100046000200,学園正門前,34.6389298590325,135.043098615493,Z004990,0,,,,,,,２,垂水区
S280100046100100,星陵台１丁目,34.638556679682,135.04573729882,Z005000,0,,,,,,,１,垂水区
S280100046100200,星陵台１丁目,34.6385393179106,135.045563702208,Z005000,0,,,,,,,２,垂水区
S280100046200100,星陵台３丁目,34.6409262221936,135.047577368133,Z005010,0,,,,,,,１,垂水区
S280100046200200,星陵台３丁目,34.6417681424651,135.047924539863,Z005010,0,,,,,,,２,垂水区
S280100046200300,星陵台３丁目,34.6408654659193,135.047612088765,Z005010,0,,,,,,,３,垂水区
S280100046300100,県商前,34.6428791278419,135.048236986147,Z005020,0,,,,,,,１,垂水区
S280100046300200,県商前,34.6431134822155,135.048723049354,Z005020,0,,,,,,,２,垂水区
S280100046400100,星陵高校前,34.6455264251786,135.050840863033,Z002120,0,,,,,,,１,垂水区
S280100046400200,星陵高校前,34.6457868122962,135.050840856327,Z002120,0,,,,,,,２,垂水区
S280100046400300,星陵高校前,34.645700010955,135.050424227951,Z002120,0,,,,,,,３,垂水区
S280100046400400,星陵高校前,34.645352829032,135.050493675347,Z002120,0,,,,,,,４,垂水区
S280100046500100,本多聞６丁目,34.6507949170934,135.050215780925,Z002130,0,,,,,,,１,垂水区
S280100046500200,本多聞６丁目,34.6501873537454,135.050771304507,Z002130,0,,,,,,,２,垂水区
S280100046600100,学が丘１丁目,34.6538588044571,135.049868509436,Z002140,0,,,,,,,１,垂水区
S280100046600200,学が丘１丁目,34.6532685902571,135.049764366614,Z002140,0,,,,,,,２,垂水区
S280100046700100,舞子高校前,34.6566796923504,135.051569681646,Z005030,0,,,,,,,１,垂水区
S280100046700200,舞子高校前,34.6581639136156,135.052645941064,Z005030,0,,,,,,,２,垂水区
S280100046700300,舞子高校前,34.6569140428526,135.051708552743,Z005030,0,,,,,,,３,垂水区
S280100046800100,舞子台６丁目,34.6406742468345,135.030877350287,Z005040,0,,,,,,,１,垂水区
S280100046800200,舞子台６丁目,34.6394591128764,135.03098153388,Z005040,0,,,,,,,２,垂水区
S280100046900100,舞子小学校前,34.6427139436509,135.031120343392,Z005050,0,,,,,,,１,垂水区
S280100046900200,舞子小学校前,34.6424275187664,135.031120349382,Z005050,0,,,,,,,２,垂水区
S280100047000100,舞子坂１丁目,34.6455955694509,135.031918827039,Z005060,0,,,,,,,１,垂水区
S280100047000200,舞子坂１丁目,34.645196313165,135.032161872336,Z005060,0,,,,,,,２,垂水区
S280100047100100,舞子坂３丁目,34.6487549379793,135.031953470668,Z005070,0,,,,,,,１,垂水区
S280100047100200,舞子坂３丁目,34.6479477355505,135.031884051271,Z005070,0,,,,,,,２,垂水区
S280100047200100,舞子坂４丁目,34.6497444499823,135.034071328393,Z005080,0,,,,,,,１,垂水区
S280100047200200,舞子坂４丁目,34.6496055760033,135.034036612394,Z005080,0,,,,,,,２,垂水区
S280100047300100,西岡橋,34.6509769900322,135.036501651612,Z005090,0,,,,,,,１,垂水区
S280100047300200,西岡橋,34.6508467968141,135.036536374139,Z005090,0,,,,,,,２,垂水区
S280100047400100,本多聞７丁目,34.6556206762249,135.04330652152,Z001470,0,,,,,,,１,垂水区
S280100047400200,本多聞７丁目,34.6558376599221,135.042889884761,Z001470,0,,,,,,,２,垂水区
S280100047500100,本多聞５丁目,34.6553603558073,135.047924192888,Z001460,0,,,,,,,１,垂水区
S280100047500200,本多聞５丁目,34.6550999479727,135.046431270586,Z001460,0,,,,,,,２,垂水区
S280100047600100,本多聞４丁目,34.6554211348907,135.050042066143,Z001450,0,,,,,,,１,垂水区
S280100047600200,本多聞４丁目,34.6552649034747,135.050180947138,Z001450,0,,,,,,,２,垂水区
S280100047700100,多聞東小学校前,34.658146581514,135.055562359252,Z001430,0,,,,,,,１,垂水区
S280100047700200,多聞東小学校前,34.6580858169825,135.054763817837,Z001430,0,,,,,,,２,垂水区
S280100047700300,多聞東小学校前,34.6576344823655,135.05518046038,Z001430,0,,,,,,,３,垂水区
S280100047800100,学が丘４丁目,34.6614708780366,135.05747183426,Z001420,0,,,,,,,１,垂水区
S280100047800200,学が丘４丁目,34.6608199182458,135.058513428522,Z001420,0,,,,,,,２,垂水区
S280100047900100,学が丘,34.661149710627,135.054659582425,Z001410,0,,,,,,,１,垂水区
S280100047900200,学が丘,34.6613319802895,135.054451262253,Z001410,0,,,,,,,２,垂水区
S280100048000100,神戸国際大学附属高校前,34.6575391053009,135.062610367606,Z005100,0,,,,,,,１,垂水区
S280100048100100,多聞寺前,34.6566708651321,135.040528953337,Z005110,0,,,,,,,１,垂水区
S280100048100200,多聞寺前,34.656992013162,135.040702542051,Z005110,0,,,,,,,２,垂水区
S280100048200100,多聞団地口,34.6587713201166,135.039973394881,Z005120,0,,,,,,,１,垂水区
S280100048200200,多聞団地口,34.6590490662667,135.039903949747,Z005120,0,,,,,,,２,垂水区
S280100048300100,多聞台３丁目,34.6630330146205,135.040285768068,Z005130,0,,,,,,,１,垂水区
S280100048300200,多聞台３丁目,34.6624688346141,135.040042746241,Z005130,0,,,,,,,２,垂水区
S280100048400100,多聞台４丁目,34.6637013796466,135.042299469071,Z005140,0,,,,,,,１,垂水区
S280100048400200,多聞台４丁目,34.6636493001236,135.042195312521,Z005140,0,,,,,,,２,垂水区
S280100048500100,多聞台,34.6623387140949,135.044521531804,Z005150,0,,,,,,,１,垂水区
S280100048500200,多聞台,34.6620956814907,135.044347941107,Z005150,0,,,,,,,２,垂水区
S280100048600100,多聞団地センター,34.6615401582463,135.042716149333,Z005160,0,,,,,,,１,垂水区
S280100048600200,多聞団地センター,34.6614880828933,135.042855027582,Z005160,0,,,,,,,２,垂水区
S280100048700100,神陵台小学校前,34.6595957855227,135.034105819048,Z005170,0,,,,,,,１,垂水区
S280100048700200,神陵台小学校前,34.6598561821909,135.034557164566,Z005170,0,,,,,,,２,垂水区
S280100048800100,神陵台,34.6639269409043,135.035737526383,Z005180,0,,,,,,,１,垂水区
S280100048800200,神陵台,34.6635016420426,135.035911132379,Z005180,0,,,,,,,２,垂水区
S280100048900100,小束山手２丁目,34.673379424936,135.061603138824,Z005190,0,,,,,,,１,垂水区
S280100048900200,小束山手２丁目,34.6734228222969,135.06153369957,Z005190,0,,,,,,,２,垂水区
S280100049000100,小束山手１丁目,34.6739870420065,135.064832007169,Z005200,0,,,,,,,１,垂水区
S280100049000200,小束山手１丁目,34.6739523220981,135.064727850416,Z005200,0,,,,,,,２,垂水区
S280100049100100,学園緑が丘,34.6721122867647,135.068373397718,Z005210,0,,,,,,,１,垂水区
S280100049100200,学園緑が丘,34.6713224416385,135.06847757044,Z005210,0,,,,,,,２,垂水区
S280100049200100,小束山１丁目,34.6699770774502,135.06698467498,Z005220,0,,,,,,,１,垂水区
S280100049200200,小束山１丁目,34.6699683997861,135.067123551577,Z005220,0,,,,,,,２,垂水区
S280100049300100,小束山４丁目,34.6692045616703,135.065040422688,Z005230,0,,,,,,,１,垂水区
S280100049300200,小束山４丁目,34.6687011304108,135.064241895038,Z005230,0,,,,,,,２,垂水区
S280100049400100,小束山小学校,34.6677376558588,135.06208933371,Z005240,0,,,,,,,１,垂水区
S280100049400200,小束山小学校,34.6675640478694,135.061151922372,Z005240,0,,,,,,,２,垂水区
S280100049500100,垂水東口,34.6304848601439,135.056361540931,Z005250,0,,,,,,,３,垂水区
S280100049500200,垂水東口,34.630823373363,135.057090637315,Z005250,0,,,,,,,２番おりば,垂水区
S280100049600100,千鳥が丘下,34.6426450094524,135.064242539009,Z005260,0,,,,,,,１,垂水区
S280100049600200,千鳥が丘下,34.6425321765062,135.064311979968,Z005260,0,,,,,,,２,垂水区
S280100049700100,乙木１丁目,34.6397200392055,135.066672952044,Z005270,0,,,,,,,１,垂水区
S280100049700200,乙木１丁目,34.639980413979,135.065839684416,Z005270,0,,,,,,,２,垂水区
S280100049800100,王居殿３丁目,34.6370294207678,135.069797750699,Z005280,0,,,,,,,１,垂水区
S280100049800200,王居殿３丁目,34.6369599812381,135.06955471757,Z005280,0,,,,,,,２,垂水区
S280100049900100,美山台１丁目,34.6382619494446,135.07222806701,Z005290,0,,,,,,,１,垂水区
S280100049900200,美山台１丁目,34.6384529015647,135.072332219162,Z005290,0,,,,,,,２,垂水区
S280100050000100,大谷公園北,34.6415949847221,135.077158088381,Z005300,0,,,,,,,１,垂水区
S280100050100100,塩屋大谷,34.6407878060356,135.078338557537,Z005310,0,,,,,,,１,垂水区
S280100050200100,青山台１丁目,34.6404926350741,135.074484747947,Z005320,0,,,,,,,１,垂水区
S280100050300100,垂水東中学校前,34.6399978668477,135.072540492888,Z005330,0,,,,,,,１,垂水区
S280100050400100,東垂水公民館前,34.6373071507785,135.068582569417,Z005340,0,,,,,,,１,垂水区
S280100050500100,長尾辻,34.667745982857,135.036084631194,Z005350,0,,,,,,,１,西区
S280100050500200,長尾辻,34.667459556319,135.036154076266,Z005350,0,,,,,,,２,西区
S280100050600100,伊川谷高校前,34.6701676038805,135.036327610064,Z005360,0,,,,,,,１,西区
S280100050600200,伊川谷高校前,34.6706449878101,135.036501194791,Z005360,0,,,,,,,２,西区
S280100050700100,長坂,34.6764169464095,135.035910827633,Z005370,0,,,,,,,１,西区
S280100050700200,長坂,34.6769724395875,135.03566777923,Z005370,0,,,,,,,２,西区
S280100050800100,長坂橋,34.6789513241365,135.032369409101,Z005380,0,,,,,,,１,西区
S280100050800200,長坂橋,34.6790468109669,135.032890195455,Z005380,0,,,,,,,２,西区
S280100050900100,小寺橋,34.6841244594846,135.037542477201,Z005390,0,,,,,,,１,西区
S280100050900200,小寺橋,34.6839508650951,135.037403603706,Z005390,0,,,,,,,２,西区
S280100051000100,伊川谷駅前,34.6874054181025,135.041396242799,Z005400,0,,,,,,,５,西区
S280100051000200,伊川谷駅前,34.6874054138204,135.041187927792,Z005400,0,,,,,,,６番おりば,西区
S280100051100100,星が丘２丁目,34.6409609553608,135.048618942705,Z005410,0,,,,,,,１,垂水区
S280100051200100,細道下,34.640205854739,135.04993828918,Z002090,0,,,,,,,１,垂水区
S280100051200200,細道下,34.640006225916,135.049973013014,Z002090,0,,,,,,,２,垂水区
S280100051200300,細道下,34.6392163881421,135.049973031449,Z002090,0,,,,,,,３,垂水区
S280100051200400,細道下,34.6393031840114,135.050007748589,Z002090,0,,,,,,,４,垂水区
S280100051300100,垂水中学校前,34.6380967269683,135.04990361927,Z002080,0,,,,,,,１,垂水区
S280100051400100,旭が丘,34.637081212897,135.04934813663,Z002070,0,,,,,,,１,垂水区
S280100051400200,旭が丘,34.636985739559,135.049452296312,Z002070,0,,,,,,,２,垂水区
S280100051500100,仲田,34.63566644937,135.049487041754,Z002060,0,,,神戸市垂水区,,,,１,垂水区
S280100051500200,仲田,34.6351456801706,135.049730085452,Z002060,0,,,神戸市垂水区,,,,２,垂水区
S280100051700100,垂水駅,34.6297730801969,135.052473003045,Z002040,0,,,,,,,１,垂水区
S280100051700200,垂水駅,34.629747038513,135.052264688232,Z002040,0,,,,,,,２,垂水区
S280100051800100,谷上駅,34.7622250353277,135.171383765671,Z000950,0,,,,,,,,北区
S280100051900100,下谷上,34.7616173218029,135.161662381058,Z000960,0,,,,,,,,北区
S280100051900200,下谷上,34.761487136361,135.162183173249,Z000960,0,,,,,,,,北区
S280100052000100,箕谷,34.7610704251441,135.15589900195,Z000970,0,,,,,,,１,北区
S280100052000200,箕谷,34.7612092960688,135.155725401889,Z000970,0,,,,,,,２,北区
S280100052000300,箕谷,34.7606798651636,135.157426658837,Z000970,0,,,,,,,,北区
S280100052000400,箕谷,34.7607319504318,135.157982164963,Z000970,0,,,,,,,,北区
S280100052100100,箕谷駅前,34.7576940629142,135.155621343748,Z000980,0,,,,,,,１,北区
S280100052100300,箕谷駅前,34.7577374613154,135.155656061726,Z000980,0,,,,,,,３,北区
S280100052100200,箕谷駅前,34.7576853814143,135.155482467165,Z000980,0,,,,,,,２,北区
S280100052200100,松が枝町２丁目,34.7595948422027,135.152045210497,Z005520,0,,,,,,,１,北区
S280100052200200,松が枝町２丁目,34.7598465389909,135.151246661185,Z005520,0,,,,,,,２,北区
S280100052300100,日の峰４丁目,34.7601328867387,135.144372232543,Z005530,0,,,,,,,,北区
S280100052300200,日の峰４丁目,34.7598638290711,135.145552699879,Z005530,0,,,,,,,,北区
S280100052400100,日の峰西,34.7593864287427,135.142532124859,Z005540,0,,,,,,,,北区
S280100052400200,日の峰西,34.7578675002967,135.142184972143,Z005540,0,,,,,,,,北区
S280100052500100,松が枝町,34.7576159313354,135.154510331345,Z005550,0,,,,,,,１,北区
S280100052500200,松が枝町,34.7585880476157,135.154718618917,Z005550,0,,,,,,,２,北区
S280100052600100,日の峰１丁目,34.7557670906422,135.147983175093,Z005560,0,,,,,,,１,北区
S280100052600200,日の峰１丁目,34.7558885962158,135.147358225955,Z005560,0,,,,,,,２,北区
S280100052700100,日の峰５丁目,34.7631533876916,135.14524013109,Z005580,0,,,,,,,,北区
S280100052800100,蔵本,34.7651757060441,135.14221949037,Z001020,0,,,,,,,１,北区
S280100052800200,蔵本,34.7652451449536,135.142497243198,Z001020,0,,,,,,,２,北区
S280100052900100,桂木３丁目,34.7546821291085,135.146733312099,Z005590,0,,,,,,,１,北区
S280100052900200,桂木３丁目,34.754256828689,135.146594446629,Z005590,0,,,,,,,２,北区
S280100053000100,桂木２丁目,34.7516269098248,135.146212611751,Z005600,0,,,,,,,１,北区
S280100053000200,桂木２丁目,34.7502642108923,135.145900177622,Z005600,0,,,,,,,２,北区
S280100053100100,桂木１丁目,34.7477124040675,135.144997545058,Z005610,0,,,,,,,１,北区
S280100053100200,桂木１丁目,34.7476603245388,135.144650350094,Z005610,0,,,,,,,２,北区
S280100053200100,大原１丁目,34.7460545893828,135.142706095154,Z005620,0,,,,,,,１,北区
S280100053200200,大原１丁目,34.7465493280679,135.143087997585,Z005620,0,,,,,,,２,北区
S280100053300100,大原３丁目,34.7465493093631,135.139581309826,Z005630,0,,,,,,,１,北区
S280100053300200,大原３丁目,34.7459677823318,135.140553476512,Z005630,0,,,,,,,２,北区
S280100053400100,神戸北町,34.7474172628391,135.138713295638,Z005640,0,,,,,,,１,北区
S280100053500100,日の峰３丁目,34.7584403864085,135.146629043211,Z005650,0,,,,,,,１,北区
S280100053500200,日の峰３丁目,34.7572165635592,135.146351323587,Z005650,0,,,,,,,２,北区
S280100053600100,日の峰２丁目,34.7566350197768,135.144754245565,Z005570,0,,,,,,,１,北区
S280100053600200,日の峰２丁目,34.7568172833614,135.143747376204,Z005570,0,,,,,,,２,北区
S280100053700100,夢野台,34.6825290260915,135.152324301837,Z005660,0,,,,,,,１,兵庫区
S280100053800100,滝山町,34.6855494809123,135.150518849924,Z005670,0,,,,,,,１,兵庫区
S280100053800200,滝山町,34.6849940124104,135.151872908652,Z005670,0,,,,,,,２,兵庫区
S280100053900100,鵯越駅前,34.692328146371,135.140727895156,Z005680,0,,,,,,,１,兵庫区
S280100053900200,鵯越駅前,34.6919462484176,135.141248691593,Z005680,0,,,,,,,２,兵庫区
S280100054000100,ひよどりインター前,34.6939162934619,135.124583448106,Z001280,0,,,,,,,１,北区
S280100054100100,貿易センター前,34.6887528421509,135.199091175087,Z005690,0,,,,,,,２,中央区
S280100054200100,貿易センター北,34.6902370424791,135.198466202767,Z005700,0,,,,,,,１,中央区
S280100054300100,落合団地前,34.6860174444382,135.098578904803,Z001270,0,,,,,,,１,須磨区
S280100054300200,落合団地前,34.6859827290017,135.098717781917,Z001270,0,,,,,,,２,須磨区
S280100054400100,白川台南口,34.6887688760056,135.099342693211,Z005780,0,,,,,,,１,須磨区
S280100054400200,白川台南口,34.6887428409181,135.099516289191,Z005780,0,,,,,,,２,須磨区
S280100054500100,白川台センター前,34.6912946372872,135.100106483995,Z005790,0,,,,,,,１,須磨区
S280100054500200,白川台センター前,34.6913206794078,135.100280079218,Z005790,0,,,,,,,２,須磨区
S280100054600100,白川台,34.6962506250878,135.098092701353,Z005800,0,,,,,,,１,須磨区
S280100054600200,白川台,34.6961030689326,135.097953828742,Z005800,0,,,,,,,２番おりば,須磨区
S280100054700100,須磨一の谷,34.641040015787,135.106704086403,Z005810,0,,,,,,,１,須磨区
S280100054700200,須磨一の谷,34.6405973417676,135.105870836858,Z005810,0,,,,,,,２番おりば［バス回転ロータリー］,須磨区
S280100054800100,須磨駅前,34.6434530619527,135.113543705653,Z005820,0,,,,,,,１,須磨区
S280100054800200,須磨駅前,34.6431579326525,135.112120225944,Z005820,0,,,,,,,２,須磨区
S280100054900100,天神下,34.6439218445273,135.118612693857,Z005830,0,,,,,,,１,須磨区
S280100054900200,天神下,34.6437916496216,135.11854325846,Z005830,0,,,,,,,２,須磨区
S280100055000100,海浜公園前,34.6444861128799,135.124653822127,Z006050,0,,,,,,,１,須磨区
S280100055000200,海浜公園前,34.6442778056808,135.124862142528,Z006050,0,,,,,,,２,須磨区
S280100055100100,離宮道,34.644607584768,135.121737402889,Z005840,0,,,,,,,１,須磨区
S280100055100200,離宮道,34.6448332588021,135.122015150922,Z005840,0,,,,,,,２,須磨区
S280100055200100,西須磨小学校前,34.6464215881832,135.120070842797,Z005850,0,,,村雨堂下,,,,１,須磨区
S280100055200200,西須磨小学校前,34.6461698852877,135.120348601653,Z005850,0,,,村雨堂下,,,,２,須磨区
S280100055300100,離宮公園南,34.6495548732151,135.117744589284,Z006030,0,,,,,,,１,須磨区
S280100055400100,離宮公園前,34.6519243699304,135.116321050541,Z005860,0,,,,,,,１,須磨区
S280100055400200,離宮公園前,34.6512299729468,135.11461982668,Z005860,0,,,,,,,２,須磨区
S280100055500100,高倉台南口,34.6559602444197,135.10979375927,Z006020,0,,,,,,,１,須磨区
S280100055500200,高倉台南口,34.6560904438444,135.110106229294,Z006020,0,,,,,,,２,須磨区
S280100055600100,青山,34.6574704613518,135.108266080883,Z006010,0,,,,,,,１,須磨区
S280100055700100,高倉台５丁目,34.6589633037949,135.1058009816,Z006000,0,,,,,,,１,須磨区
S280100055700200,高倉台５丁目,34.6594493518877,135.105349620461,Z006000,0,,,,,,,２,須磨区
S280100055800100,奥須磨公園口,34.6613761724073,135.102745631677,Z005990,0,,,,,,,１,須磨区
S280100055800200,奥須磨公園口,34.6613154189151,135.102953948747,Z005990,0,,,,,,,２,須磨区
S280100055900100,奥須磨公園前,34.6611070395675,135.098857078692,Z005980,0,,,,,,,１,須磨区
S280100055900200,奥須磨公園前,34.6611851569725,135.098926515382,Z005980,0,,,,,,,２,須磨区
S280100056000100,多井畑厄神,34.6609420689703,135.095524034829,Z005970,0,,,,,,,１,須磨区
S280100056000200,多井畑厄神,34.6608986767224,135.095836508872,Z005970,0,,,,,,,２,須磨区
S280100056100100,啓明学院前,34.6693787973828,135.104516158787,Z006140,0,,,,,,,１,須磨区
S280100056100200,啓明学院前,34.6694308786,135.104689754041,Z006140,0,,,,,,,２,須磨区
S280100056100300,啓明学院前,34.6677730946025,135.105731364086,Z006140,0,,,,,,,３,須磨区
S280100056100400,啓明学院前,34.668102925347,135.106009111697,Z006140,0,,,,,,,４,須磨区
S280100056100500,啓明学院前,34.6676949388692,135.103752367807,Z006140,0,,,,,,,５,須磨区
S280100056100600,啓明学院前,34.66761681833,135.103544053758,Z006140,0,,,,,,,６,須磨区
S280100056200100,友が丘,34.6696304453821,135.101599736673,Z006130,0,,,,,,,１,須磨区
S280100056200200,友が丘,34.6696043936375,135.100974790622,Z006130,0,,,,,,,２,須磨区
S280100056300100,北須磨団地東口,34.6691529922195,135.097919504839,Z006120,0,,,,,,,１,須磨区
S280100056300200,北須磨団地東口,34.669231116986,135.098336134425,Z006120,0,,,,,,,２,須磨区
S280100056400100,北須磨団地,34.6698038038912,135.089864605433,Z006110,0,,,,,,,１,須磨区
S280100056400200,北須磨団地,34.6695607860822,135.090385400969,Z006110,0,,,,,,,２,須磨区
S280100056500100,上の山,34.6508653922127,135.112501965487,Z005870,0,,,,,,,１,須磨区
S280100056600100,高倉町,34.6485652408236,135.108891225407,Z005880,0,,,,,,,１,須磨区
S280100056600200,高倉町,34.6486694014302,135.109168975888,Z005880,0,,,,,,,２,須磨区
S280100056700100,高倉町２丁目,34.6476624857326,135.105176303556,Z005890,0,,,,,,,１,須磨区
S280100056800100,鉄拐東口,34.6482092420795,135.102502918821,Z005900,0,,,,,,,１,須磨区
S280100056800200,鉄拐東口,34.6481311287121,135.102641797326,Z005900,0,,,,,,,２,須磨区
S280100056900100,鉄拐登山口,34.6492679965072,135.094170288819,Z005910,0,,,,,,,１,垂水区
S280100056900200,鉄拐登山口,34.6492679838587,135.093337026637,Z005910,0,,,,,,,２,垂水区
S280100057000100,向井,34.6497279167654,135.087712494269,Z005920,0,,,,,,,１,垂水区
S280100057000200,向井,34.6496584720626,135.087191707368,Z005920,0,,,,,,,２,垂水区
S280100057100100,神の脇,34.6515679431394,135.084796027873,Z005930,0,,,,,,,１,垂水区
S280100057100200,神の脇,34.6510037617305,135.084275255892,Z005930,0,,,,,,,２,垂水区
S280100057200100,下畑,34.6525487659503,135.086636120733,Z005940,0,,,,,,,１,垂水区
S280100057200200,下畑,34.6524880020203,135.086219491653,Z005940,0,,,,,,,２,垂水区
S280100057300100,下畑上口,34.6556908180981,135.089413579877,Z005950,0,,,,,,,１,垂水区
S280100057300200,下畑上口,34.6559598919406,135.089830203973,Z005950,0,,,,,,,２,垂水区
S280100057400100,多井畑西口,34.6589891202207,135.093093736944,Z005960,0,,,,,,,１,須磨区
S280100057400200,多井畑西口,34.6587721283468,135.092954865346,Z005960,0,,,,,,,２,須磨区
S280100057500100,神戸女子大学正門前,34.6573923575315,135.108960467427,Z006060,0,,,,,,,１,須磨区
S280100057600100,竜が台中学校前,34.6757319827242,135.089378434108,Z006070,0,,,,,,,１,須磨区
S280100057600200,竜が台中学校前,34.676461076458,135.08965617645,Z006070,0,,,,,,,２,須磨区
S280100057700100,名谷南センター前,34.6738831799509,135.087052269664,Z006080,0,,,,,,,１,須磨区
S280100057700200,名谷南センター前,34.6742216987121,135.087781370097,Z006080,0,,,,,,,２,須磨区
S280100057800100,菅の台１丁目,34.6733970555697,135.082885968614,Z006090,0,,,,,,,１,須磨区
S280100057800200,菅の台１丁目,34.6737182063848,135.083198435391,Z006090,0,,,,,,,２,須磨区
S280100057900100,菅の台小学校前,34.6706542989714,135.08385814914,Z006100,0,,,,,,,１,須磨区
S280100057900200,菅の台小学校前,34.6704373114271,135.084170624679,Z006100,0,,,,,,,２,須磨区
S280100058000100,横尾団地口,34.6727378526158,135.106807566244,Z006150,0,,,,,,,１,須磨区
S280100058000200,横尾団地口,34.6726423776816,135.10684228727,Z006150,0,,,,,,,２,須磨区
S280100058100100,柏台,34.6493806951051,135.085212717336,Z006170,0,,,,,,,１,垂水区
S280100058100200,柏台,34.6492765448629,135.085525193445,Z006170,0,,,,,,,２番おりば,垂水区
S280100058200100,高倉中学校前,34.6542503266706,135.107398169446,Z006180,0,,,,,,,１,須磨区
S280100058200200,高倉中学校前,34.6542069326398,135.107606485669,Z006180,0,,,,,,,２,須磨区
S280100058300100,高倉台１丁目,34.6529483508265,135.105210888807,Z006190,0,,,,,,,１,須磨区
S280100058300200,高倉台１丁目,34.6528441952156,135.105176172248,Z006190,0,,,,,,,２,須磨区
S280100058400100,高倉台,34.6556823846533,135.103474865727,Z006200,0,,,,,,,１,須磨区
S280100058400200,高倉台,34.6557952178588,135.10340542471,Z006200,0,,,,,,,２,須磨区
S280100058500100,高倉台８丁目,34.6542588750601,135.10021129185,Z006210,0,,,,,,,１,須磨区
S280100058500200,高倉台８丁目,34.6543977438877,135.099968254069,Z006210,0,,,,,,,２,須磨区
S280100058600100,高倉台７丁目,34.6575310669959,135.099690426098,Z006220,0,,,,,,,１,須磨区
S280100058600200,高倉台７丁目,34.6567498974363,135.099273813756,Z006220,0,,,,,,,２,須磨区
S280100058700100,高倉台６丁目,34.6593972162094,135.101981853184,Z006230,0,,,,,,,１,須磨区
S280100058700200,高倉台６丁目,34.6593972132065,135.101808256874,Z006230,0,,,,,,,２,須磨区
S280100058800100,横尾小学校前,34.669378921334,135.110557308138,Z006240,0,,,,,,,１,須磨区
S280100058800200,横尾小学校前,34.6694570338596,135.110348991244,Z006240,0,,,,,,,２,須磨区
S280100058900100,横尾２丁目,34.6715401922217,135.11298761396,Z006250,0,,,,,,,１,須磨区
S280100058900200,横尾２丁目,34.671149614138,135.113195936319,Z006250,0,,,,,,,２,須磨区
S280100059000100,前池橋,34.6611423251013,135.131562604621,Z006690,0,,,,,,,１,須磨区
S280100059100100,大手町勝福寺下,34.6587293584325,135.128542078813,Z006680,0,,,,,,,１,須磨区
S280100059200100,東須磨地域福祉センター下,34.6557956186977,135.125556280421,Z006670,0,,,,,,,１,須磨区
S280100059200200,東須磨地域福祉センター下,34.6557261821125,135.125556281719,Z006670,0,,,,,,,２,須磨区
S280100059300100,離宮植物園東,34.6539381578875,135.12333428369,Z006660,0,,,,,,,１,須磨区
S280100059300200,離宮植物園東,34.6538166418697,135.123195408965,Z006660,0,,,,,,,２,須磨区
S280100059400100,離宮植物園前,34.6525840908215,135.120244302375,Z006650,0,,,,,,,１,須磨区
S280100059400200,離宮植物園前,34.6525667355751,135.120452617798,Z006650,0,,,,,,,２,須磨区
S280100059500100,水野橋,34.6542678936876,135.118438871088,Z006640,0,,,,,,,１,須磨区
S280100059500200,水野橋,34.6542939343721,135.118543028135,Z006640,0,,,,,,,２,須磨区
S280100059600100,高尾台,34.6567849820185,135.119133206888,Z006630,0,,,,,,,１,須磨区
S280100059700100,名谷公園前,34.6824239892221,135.091357338165,Z006260,0,,,,,,,１,須磨区
S280100059700200,名谷公園前,34.6830228728773,135.090801821093,Z006260,0,,,,,,,２,須磨区
S280100059800100,北落合３丁目,34.6846112158077,135.089204711167,Z006270,0,,,,,,,１,須磨区
S280100059800200,北落合３丁目,34.685348970972,135.088440876223,Z006270,0,,,,,,,２,須磨区
S280100059900100,神の谷小学校前,34.6880830162716,135.086600713421,Z006280,0,,,,,,,１,須磨区
S280100059900200,神の谷小学校前,34.6882479256383,135.086392394903,Z006280,0,,,,,,,２,須磨区
S280100060000100,神の谷７丁目,34.6893588822104,135.083753709471,Z006290,0,,,,,,,１,須磨区
S280100060000200,神の谷７丁目,34.689072451434,135.083302363382,Z006290,0,,,,,,,２,須磨区
S280100060100100,神の谷５丁目,34.6866508227696,135.081149806906,Z006300,0,,,,,,,１,須磨区
S280100060100200,神の谷５丁目,34.6862689243492,135.08156644368,Z006300,0,,,,,,,２,須磨区
S280100060200100,西落合中学校前,34.6849149237615,135.08326770602,Z006310,0,,,,,,,１,須磨区
S280100060200200,西落合中学校前,34.6844288748434,135.084066255061,Z006310,0,,,,,,,２,須磨区
S280100060300100,神戸医療センター前,34.681026492347,135.08576754545,Z006320,0,,,,,,,１,須磨区
S280100060300200,神戸医療センター前,34.6817729372241,135.08569809688,Z006320,0,,,,,,,２,須磨区
S280100060400100,神戸医療センター下,34.6796204093688,135.086600827869,Z006330,0,,,,,,,１,須磨区
S280100060400200,神戸医療センター下,34.6797592835176,135.086635545348,Z006330,0,,,,,,,２,須磨区
S280100060500100,西落合住宅前,34.6823631462533,135.085420334435,Z006340,0,,,,,,,１,須磨区
S280100060600100,花谷小学校前,34.6812263749472,135.101148189082,Z006350,0,,,,,,,１,須磨区
S280100060600200,花谷小学校前,34.6810788208218,135.101078752721,Z006350,0,,,,,,,２,須磨区
S280100060700100,須磨東高校前,34.6817298456569,135.10382156016,Z006360,0,,,,,,,１,須磨区
S280100060700200,須磨東高校前,34.6809226473503,135.103891010185,Z006360,0,,,,,,,２,須磨区
S280100060800100,東落合小学校前,34.6840038585797,135.102189726044,Z006370,0,,,,,,,１,須磨区
S280100060900100,白川台４丁目,34.6879270074131,135.101634166569,Z006380,0,,,,,,,１,須磨区
S280100061000100,白川台１丁目,34.689714887158,135.095905479633,Z006390,0,,,,,,,１,須磨区
S280100061100100,北落合２丁目,34.6875883753192,135.094065378994,Z006400,0,,,,,,,１,須磨区
S280100061100200,北落合２丁目,34.687631775279,135.094238975175,Z006400,0,,,,,,,２,須磨区
S280100061200100,北須磨文化センター前,34.6850626330883,135.09496811355,Z006410,0,,,,,,,１,須磨区
S280100061200200,北須磨文化センター前,34.6851667894381,135.095072270174,Z006410,0,,,,,,,２,須磨区
S280100061300100,竜が台７丁目,34.6732323592241,135.0955585186,Z006420,0,,,,,,,１,須磨区
S280100061400100,友が丘中学校前,34.6742045513501,135.099447060811,Z006430,0,,,,,,,１,須磨区
S280100061500100,南落合３丁目,34.6761141409943,135.103092545672,Z006440,0,,,,,,,１,須磨区
S280100061600100,南落合４丁目,34.6779542406638,135.104203527138,Z006450,0,,,,,,,１,須磨区
S280100061700100,東白川台,34.6923189060263,135.104238044123,Z006460,0,,,,,,,１,須磨区
S280100061700200,東白川台,34.6925879779487,135.104550512388,Z006460,0,,,,,,,２,須磨区
S280100061800100,東白川台南通り,34.6928310803509,135.108300170845,Z006470,0,,,,,,,１,須磨区
S280100061900100,東白川台東通り,34.6949662434409,135.108161263093,Z006480,0,,,,,,,１,須磨区
S280100062000100,東白川台北通り,34.695938312345,135.105869782271,Z006490,0,,,,,,,１,須磨区
S280100062100100,東白川台西通り,34.6951658034677,135.104619913563,Z006500,0,,,,,,,１,須磨区
S280100062200100,本庄町,34.6500759539068,135.13850668345,Z006790,0,,,,,,,１,長田区
S280100062200200,本庄町,34.6498676473117,135.138784442611,Z006790,0,,,,,,,２,長田区
S280100062300100,白川台２丁目,34.6892288774756,135.098648305234,Z006830,0,,,,,,,１,須磨区
S280100062400100,城山橋,34.6909127439009,135.100418960558,Z006840,0,,,,,,,１,須磨区
S280100062500100,千原公園,34.6944974141505,135.101460489515,Z006850,0,,,,,,,１,須磨区
S280100062600100,城が丘中央公園,34.6918240772474,135.099516252954,Z006860,0,,,,,,,１,須磨区
S280100062700100,白川台中学校前,34.6926312241914,135.096842869969,Z006870,0,,,,,,,１,須磨区
S280100062800100,北落合６丁目,34.6942195543962,135.094273615114,Z006880,0,,,,,,,１,須磨区
S280100062900100,城が谷公園,34.6940546527933,135.095245760822,Z006890,0,,,,,,,１,須磨区
S280100063000100,北落合５丁目,34.6902269495155,135.093266801432,Z006900,0,,,,,,,１,須磨区
S280100063100100,落合団地北,34.6904959932144,135.091322513047,Z006910,0,,,,,,,１,須磨区
S280100063200100,北落合４丁目,34.6903831367743,135.089412948926,Z006920,0,,,,,,,１,須磨区
S280100063300100,北落合４丁目西,34.6900706556652,135.087989459018,Z006930,0,,,,,,,１,須磨区
S280100063400100,清水台,34.6828148845017,135.108300319677,Z001620,0,,,,,,,１,須磨区
S280100063400200,清水台,34.6822767529638,135.108369766328,Z001620,0,,,,,,,２,須磨区
S280100063500100,車大道北,34.6845508223946,135.109515464096,Z001610,0,,,,,,,１,須磨区
S280100063500200,車大道北,34.6845161055726,135.109584902987,Z001610,0,,,,,,,２,須磨区
S280100063700100,若草小学校前,34.6885695166742,135.113612276368,Z001580,0,,,,,,,１,須磨区
S280100063800100,南公園,34.6864343548836,135.113994224217,Z001590,0,,,須磨区,,,,１,須磨区
S280100063900100,若草町１丁目,34.6857139139042,135.111425006986,Z001600,0,,,,,,,１,須磨区
S280100064000100,緑が丘１丁目,34.6810704062034,135.114515099904,Z006940,0,,,,,,,１,須磨区
S280100064000200,緑が丘１丁目,34.6809575881214,135.115417804051,Z006940,0,,,,,,,２,須磨区
S280100064100100,星城高校,34.6811572308851,135.116181625876,Z006950,0,,,,,,,１,須磨区
S280100064200100,緑が丘２丁目,34.6817735447699,135.120070179568,Z006960,0,,,,,,,１,須磨区
S280100064300100,機動隊前,34.6806973071359,135.121320092885,Z006970,0,,,,,,,１,須磨区
S280100064300200,機動隊前,34.680610511421,135.121285375004,Z006970,0,,,,,,,２,須磨区
S280100064400100,野路,34.6803327873459,135.122639432473,Z006980,0,,,,,,,１,須磨区
S280100064500100,ひよどり台５丁目,34.7020316321111,135.120798893053,Z006990,0,,,,,,,１,北区
S280100064500200,ひよどり台５丁目,34.7023354264371,135.121389113285,Z006990,0,,,,,,,２,北区
S280100064600100,シルバーカレッジ前,34.7022745986204,135.116875617383,Z007000,0,,,,,,,１,北区
S280100064600200,シルバーカレッジ前,34.7023440363335,135.116945054326,Z007000,0,,,,,,,２,北区
S280100064700100,清玄町南口,34.6524793752985,135.089448380074,Z007030,0,,,,,,,１,垂水区
S280100064800100,清玄町,34.6531737995498,135.092850844371,Z007040,0,,,,,,,１,垂水区
S280100064900100,多井畑南町,34.6571577627642,135.09500333868,Z007050,0,,,,,,,１,須磨区
S280100065000100,多井畑厄神南,34.6601782596398,135.095176861224,Z007060,0,,,,,,,,須磨区
S280100065100100,多井畑厄神裏参道,34.663320287837,135.096357247404,Z007070,0,,,,,,,,須磨区
S280100065200200,多井畑東町集会所前,34.6640320565742,135.09875286335,Z007020,0,,,,,,,,須磨区
S280100065200100,多井畑東町集会所前,34.6638931701538,135.098023761212,Z007020,0,,,,,,,,須磨区
S280100065300200,多井畑東町,34.6663669251462,135.10194699175,Z007010,0,,,,,,,,須磨区
S280100065300100,多井畑東町,34.6656291472078,135.101287339809,Z007010,0,,,,,,,,須磨区
S280100065400100,楠丘町２丁目,34.7217273501615,135.242732679993,Z007080,0,,,,,,,１,灘区
S280100065500100,石屋川,34.7209549156769,135.245996311854,Z007090,0,,,,,,,１,灘区
S280100065600300,石屋川車庫前,34.7188023396581,135.243461861633,Z007100,0,,,,,,,３,灘区
S280100065600400,石屋川車庫前,34.7188804508093,135.243079947329,Z007100,0,,,,,,,,灘区
S280100065800100,琵琶町３丁目,34.711771753462,135.235546072641,Z000020,0,,,,,,,１,灘区
S280100065800200,琵琶町３丁目,34.7112943774507,135.235858557807,Z000020,0,,,,,,,２,灘区
S280100065900100,神前町,34.7155647045141,135.233289197966,Z000030,0,,,,,,,１,灘区
S280100065900300,神前町,34.7160507775072,135.234261330281,Z000030,0,,,,,,,３,灘区
S280100065900200,神前町,34.7151741357393,135.234122478045,Z000030,0,,,,,,,２,灘区
S280100066000100,将軍通,34.7140717371493,135.228706262255,Z000040,0,,,,,,,１,灘区
S280100066000200,将軍通,34.7145230921161,135.229608957651,Z000040,0,,,,,,,２,灘区
S280100066100100,水道筋１丁目,34.7135248931913,135.227039739197,Z000050,0,,,,,,,１,灘区
S280100066100200,水道筋１丁目,34.7136116859739,135.226831419564,Z000050,0,,,,,,,２,灘区
S280100066200100,水道筋３丁目,34.7125266879028,135.224227482197,Z000060,0,,,,,,,１,灘区
S280100066200200,水道筋３丁目,34.7130214407299,135.225026018879,Z000060,0,,,,,,,２,灘区
S280100066300100,水道筋６丁目,34.7110510996656,135.221484677748,Z000070,0,,,,,,,１,灘区
S280100066300200,水道筋６丁目,34.7117281285094,135.222352646618,Z000070,0,,,,,,,２,灘区
S280100066400100,阪急王子公園,34.7094626671886,135.218533565642,Z000080,0,,,,,,,１,灘区
S280100066400200,阪急王子公園,34.7095841810723,135.218464123891,Z000080,0,,,,,,,２,灘区
S280100066500100,王子動物園前,34.7089157821371,135.215026915715,Z007130,0,,,,,,,１,灘区
S280100066500200,王子動物園前,34.7091935451245,135.215756017486,Z007130,0,,,,,,,２,灘区
S280100066600100,上筒井１丁目,34.7082126506558,135.210895317943,Z007140,0,,,,,,,１,中央区
S280100066600200,上筒井１丁目,34.7085858954751,135.211902173698,Z007140,0,,,,,,,２,中央区
S280100066700100,上筒井４丁目,34.7078827984389,135.20950654834,Z007150,0,,,,,,,１,中央区
S280100066700200,上筒井４丁目,34.7079956329381,135.209402388245,Z007150,0,,,,,,,２,中央区
S280100066800100,上筒井６丁目,34.7072838739623,135.206937336838,Z007160,0,,,,,,,１,中央区
S280100066800200,上筒井６丁目,34.707518228346,135.207284524391,Z007160,0,,,,,,,２,中央区
S280100066900100,熊内１丁目,34.7068151517488,135.204923630396,Z007170,0,,,,,,,１,中央区
S280100066900200,熊内１丁目,34.7067630659646,135.204159808085,Z007170,0,,,,,,,２,中央区
S280100067000100,雲中小学校前,34.705626005859,135.20131285334,Z007180,0,,,,,,,１,中央区
S280100067000200,雲中小学校前,34.7060686724796,135.201903071438,Z007180,0,,,,,,,２,中央区
S280100067500100,高徳町５丁目,34.718116620422,135.241309285608,Z007110,0,,,,,,,１,灘区
S280100067500200,高徳町５丁目,34.7182207733106,135.241135686251,Z007110,0,,,,,,,２,灘区
S280100067600100,日尾町,34.716302504194,135.235545938948,Z007120,0,,,,,,,１,灘区
S280100067600200,日尾町,34.71667573688,135.236275032584,Z007120,0,,,,,,,２,灘区
S280100067700100,大橋２丁目,34.6567680317365,135.14878343714,Z001220,0,,,,,,,１,長田区
S280100067700200,大橋２丁目,34.6559781836755,135.148193227655,Z001220,0,,,,,,,２,長田区
S280100067800100,大橋,34.6585387137134,135.153053864756,Z001230,0,,,,,,,１,長田区
S280100067800200,大橋,34.657618661439,135.151526238277,Z001230,0,,,,,,,２,長田区
S280100067900100,湊町１丁目,34.6745614685177,135.177808574895,Z007220,0,,,,,,,１,兵庫区
S280100067900200,湊町１丁目,34.6759328605785,135.1779126905,Z007220,0,,,,,,,２,中央区
S280100068000100,兵庫大仏前,34.6672270894192,135.170552408108,Z005720,0,,,,,,,１,兵庫区
S280100068000200,兵庫大仏前,34.6674701137544,135.169406643045,Z005720,0,,,,,,,２,
S280100068000300,兵庫大仏前,34.6666542286151,135.168920585262,Z005720,0,,,,,,,３,兵庫区
S280100068100100,灘北通,34.7073795501849,135.21856833474,Z000090,0,,,,,,,１,灘区
S280100068100200,灘北通,34.7073448288877,135.218429457756,Z000090,0,,,,,,,２,灘区
S280100068200100,ＪＲ灘,34.7054612993478,135.21617273677,Z000100,0,,,,,,,１,灘区
S280100068300100,阪神岩屋,34.7031959317309,135.217353252194,Z000110,0,,,,,,,１,灘区
S280100068300200,阪神岩屋,34.7031872507384,135.217283813431,Z000110,0,,,,,,,２,灘区
S280100068400100,渚中学校前,34.7011822705261,135.217943537838,Z000120,0,,,,,,,１,中央区
S280100068500100,旭通３丁目,34.6977796062127,135.1983966201,Z000190,0,,,,,,,１,中央区
S280100068500200,旭通３丁目,34.6977101699647,135.19846606043,Z000190,0,,,,,,,２,中央区
S280100068600100,若菜通５丁目,34.7006005181483,135.202389267449,Z000200,0,,,,,,,１,中央区
S280100068600200,若菜通５丁目,34.7004963631844,135.202423989422,Z000200,0,,,,,,,２,中央区
S280100068700100,東雲通２丁目,34.7015032191829,135.204889031488,Z000210,0,,,,,,,１,中央区
S280100068700200,東雲通２丁目,34.7022670245533,135.204958449696,Z000210,0,,,,,,,２,中央区
S280100068800100,日暮通２丁目,34.7000276952526,135.20575705284,Z000220,0,,,,,,,１,中央区
S280100068900100,阪急春日野道,34.7034040687435,135.20686797917,Z000230,0,,,,,,,１,中央区
S280100069000100,筒井町１丁目,34.7040811019275,135.209194154818,Z000240,0,,,,,,,１,中央区
S280100069100100,筒井町３丁目,34.7004269823796,135.208569303816,Z000250,0,,,,,,,１,中央区
S280100069200100,筒井住宅北,34.7032825942473,135.210582947784,Z000260,0,,,,,,,１,中央区
S280100069300100,筒井住宅南,34.7013123301698,135.210756599958,Z000270,0,,,,,,,１,中央区
S280100069400100,筒井住宅前,34.701945952918,135.211416252661,Z000280,0,,,,,,,１,中央区
S280100069500100,脇浜町３丁目,34.7003142094307,135.212527321514,Z000290,0,,,,,,,１,中央区
S280100069500200,脇浜町３丁目,34.7000538220761,135.212562048192,Z000290,0,,,,,,,２,中央区
S280100069600100,旭中央住宅前,34.6973629863172,135.198570226946,Z000350,0,,,,,,,１,中央区
S280100069700100,灘小学校前,34.7128827136783,135.233671191385,Z000360,0,,,,,,,１,灘区
S280100069700200,灘小学校前,34.7125962695714,135.232664332643,Z000360,0,,,,,,,２,灘区
S280100069800100,城内通公園前,34.7076312389224,135.21745730635,Z000370,0,,,,,,,１,灘区
S280100069900100,ＪＲ灘北口,34.706494173484,135.215894957244,Z000380,0,,,,,,,１,灘区
S280100070000100,阪急王子公園北,34.7103045886857,135.218255790221,Z000390,0,,,,,,,１,灘区
S280100070000200,阪急王子公園北,34.7102351514274,135.21825579187,Z000390,0,,,,,,,２,灘区
S280100070100100,王子公園東,34.7122140847703,135.216832250048,Z000400,0,,,,,,,１,灘区
S280100070100200,王子公園東,34.7123008810735,135.216832248094,Z000400,0,,,,,,,２,灘区
S280100070200100,青谷川,34.7130993812014,135.215478174515,Z000410,0,,,,,,,１,灘区
S280100070200200,青谷川,34.7135073256652,135.215582323755,Z000410,0,,,,,,,２,灘区
S280100070300100,葺合高校前,34.7114241270386,135.210895249332,Z000420,0,,,,,,,１,中央区
S280100070400100,野崎通２丁目,34.7107384014786,135.208950980649,Z000430,0,,,,,,,１,中央区
S280100070500100,高尾西,34.7209024316368,135.218811052254,Z000490,0,,,,,,,１,灘区
S280100070600100,高尾東,34.7215013505375,135.220130370036,Z000500,0,,,,,,,１,灘区
S280100070700100,美野丘小学校前,34.7226296994233,135.220269222628,Z000510,0,,,,,,,１,灘区
S280100070800100,灘丸山公園前,34.7235410684638,135.22089414871,Z000520,0,,,,,,,１,灘区
S280100070900100,箕岡通,34.7221957594581,135.222178788918,Z000530,0,,,,,,,１,灘区
S280100071000100,篠原北町団地,34.7209719516914,135.223116241314,Z000540,0,,,,,,,１,灘区
S280100071100100,天神南,34.7169445310648,135.21919305573,Z000560,0,,,,,,,１,灘区
S280100071200100,赤坂通６丁目,34.7155123601118,135.217630720296,Z000570,0,,,,,,,１,灘区
S280100071300100,阪神新在家,34.7113031232021,135.241066443493,Z000580,0,,,,,,,１,灘区
S280100071300200,阪神新在家,34.710235531101,135.241483100166,Z000580,0,,,,,,,２,灘区
S280100071400100,新在家南住宅,34.7071889538456,135.240059683118,Z000600,0,,,,,,,１,灘区
S280100071500100,浜街道,34.7082739312148,135.24162202467,Z000610,0,,,,,,,１,灘区
S280100071600100,西郷,34.705383539663,135.236657234035,Z000590,0,,,,,,,１,灘区
S280100072000100,高羽小学校,34.7235586824776,135.238982953741,Z000650,0,,,,,,,１,灘区
S280100072000200,高羽小学校,34.7234718757198,135.238253851306,Z000650,0,,,,,,,,灘区
S280100072100100,小橋,34.7615911898837,135.155169883531,Z000990,0,,,,,,,１,北区
S280100072100200,小橋,34.7615130781219,135.155482358694,Z000990,0,,,,,,,２,北区
S280100072200100,青葉台口,34.7629191214003,135.152392312713,Z001000,0,,,,,,,１,北区
S280100072200200,青葉台口,34.762762897259,135.152982544039,Z001000,0,,,,,,,２,北区
S280100072300100,大滝口,34.7648980076432,135.147913470744,Z001010,0,,,,,,,１,北区
S280100072300200,大滝口,34.7649934803093,135.147670432704,Z001010,0,,,,,,,２,北区
S280100072400100,谷寺口,34.766668565367,135.138678076914,Z001030,0,,,,,,,１,北区
S280100072400200,谷寺口,34.7667206425734,135.138643356178,Z001030,0,,,,,,,２,北区
S280100072500100,福地,34.7665904048128,135.132879954021,Z001040,0,,,,,,,１,北区
S280100072500200,福地,34.7665817238575,135.132671638658,Z001040,0,,,,,,,２,北区
S280100072600100,山田小学校前,34.765531479617,135.130553789242,Z001050,0,,,,,,,１,北区
S280100072600200,山田小学校前,34.7656009172777,135.130692664651,Z001050,0,,,,,,,２,北区
S280100072700100,東下,34.7643683665159,135.123783555633,Z001060,0,,,,,,,１,北区
S280100072700200,東下,34.7643683652816,135.12360995917,Z001060,0,,,,,,,２,北区
S280100072800100,七社前,34.7630837534936,135.120485254379,Z001070,0,,,,,,,１,北区
S280100072800200,七社前,34.7631705511445,135.120624129415,Z001070,0,,,,,,,２,北区
S280100072900100,丹生神社前,34.763821465595,135.115867585349,Z001080,0,,,,,,,１,北区
S280100072900200,丹生神社前,34.7638822235844,135.115937022587,Z001080,0,,,,,,,２,北区
S280100073000100,坂本,34.7638213874911,135.10940981587,Z001090,0,,,,,,,１,北区
S280100073000200,坂本,34.763812716302,135.109930602124,Z001090,0,,,,,,,２,北区
S280100073100100,衝原,34.7684822391368,135.103854682369,Z001100,0,,,,,,,１,北区
S280100073200100,掖済会病院前,34.6531210699569,135.052680788119,Z001440,0,,,,,,,１,垂水区
S280100073300100,本多聞介護センター前,34.6509250184055,135.043480235963,Z001490,0,,,,,,,１,垂水区
S280100073400100,西部障害者センター,34.6517582813691,135.045007864345,Z001500,0,,,,,,,１,垂水区
S280100073500100,小束台西,34.6739695002749,135.04830566403,Z001890,0,,,,,,,１,垂水区
S280100073600100,小束台,34.673709132901,135.050527700844,Z001900,0,,,,,,,１,垂水区
S280100073700100,順心神戸病院前,34.6733272435325,135.052090075009,Z001910,0,,,,,,,,垂水区
S280100073800100,舞多聞西７丁目,34.6699681734286,135.048583509836,Z001920,0,,,,,,,１,垂水区
S280100073800200,舞多聞西７丁目,34.6699074130983,135.048340476634,Z001920,0,,,,,,,２,垂水区
S280100073900100,舞多聞西５丁目,34.6662358970525,135.046153247865,Z001930,0,,,,,,,１,垂水区
S280100073900200,舞多聞西５丁目,34.6662358953,135.046049090119,Z001930,0,,,,,,,２,垂水区
S280100074000100,学園南公園前,34.6640139469026,135.049312749924,Z001940,0,,,,,,,１,垂水区
S280100074000200,学園南公園前,34.6639271523224,135.049521067413,Z001940,0,,,,,,,２,垂水区
S280100074100100,舞多聞東２丁目,34.6631286516264,135.052611099242,Z001950,0,,,,,,,１,垂水区
S280100074100200,舞多聞東２丁目,34.6629290199314,135.052645823137,Z001950,0,,,,,,,２,垂水区
S280100074200100,千代が丘,34.6413081563128,135.049972982625,Z002100,0,,,,,,,１,垂水区
S280100074200300,千代が丘,34.6422021534528,135.050320153664,Z002100,0,,,,,,,３,垂水区
S280100074300100,星が丘,34.64340860986,135.050389564006,Z002110,0,,,,,,,１,垂水区
S280100577800100,雲井通,34.6947677822602,135.198639728513,Z003240,0,,,,,,,１,中央区
S280100577800200,雲井通,34.6944205902093,135.197806469787,Z003240,0,,,,,,,２,中央区
S280100577800300,雲井通,34.6949500501,135.198327251313,Z003240,0,,,,,,,３,中央区
S280100577800400,雲井通,34.6938477500177,135.198882778384,Z003240,0,,,,,,,４,中央区
S280100577900100,仲田南,34.6324723964599,135.050875868092,Z002050,0,,,,,,,１,垂水区
S280100577900200,仲田南,34.6326199498096,135.050945303686,Z002050,0,,,,,,,２,垂水区
S280100578000100,県立兵庫津ミュージアム前,34.6629828009469,135.175864628046,Z004360,0,,,,,,,１,兵庫区
S280100578000200,県立兵庫津ミュージアム前,34.6642587032458,135.17572571397,Z004360,0,,,,,,,２,兵庫区
S280100578100100,鵯越墓園,34.6940206525845,135.139026617851,Z007240,0,,,,,,,,兵庫区
S280100666100100,神戸須磨シーワールド,34.6447465355633,135.127153602751,Z006040,0,,,,,,,１,須磨区
S280100666100200,神戸須磨シーワールド,34.6444948323841,135.127500801182,Z006040,0,,,,,,,２,須磨区
S280100666100300,神戸須磨シーワールド,34.6450937004809,135.125834263004,Z006040,0,,,,,,,３,須磨区
S280100667900100,友が丘高校,34.667460576614,135.103092706391,Z006160,0,,,,,,,,須磨区
S280100668000100,板宿,34.6599011719403,135.133333308824,Z000930,0,,,西,,,,Ａ,須磨区
S280100668100100,板宿,34.6605608398839,135.134687345407,Z000940,0,,,東,,,,Ｂ,須磨区
S280100668200100,板宿,34.6589724855162,135.135381761438,Z001170,0,,,南,,,,Ｅ,須磨区
S280100668200200,板宿,34.6598577946138,135.134722078459,Z001170,0,,,南,,,,Ｃ,須磨区
S280100668200300,板宿,34.65977100007,135.13482623787,Z001170,0,,,南,,,,Ｄ,須磨区
S280100668300100,若草地域交流センター前,34.6900276528498,135.111876289356,Z001570,0,,,,,,,１,須磨区
